,label,timestamp
0,[0],0.0
1,[0],0.5
2,[0],1.0
3,[0],1.5
4,[0],3.0
5,[0],3.5
6,[0],4.0
7,[0],4.5
8,[0],5.0
9,[0],8.0
10,[0],8.5
11,[0],9.0
12,[0],10.0
13,[0],10.5
14,[0],11.0
15,[0],12.5
16,[0],13.0
17,[0],13.5
18,[0],14.0
19,[0],14.5
20,[0],15.5
21,[0],16.0
22,[0],18.0
23,[0],18.5
24,[0],20.0
25,[0],20.5
26,[0],21.0
27,[0],24.0
28,[0],24.5
29,[1],2.5
30,[1],9.5
31,[1],12.5
32,[1],13.0
33,[1],14.0
34,[2],0.0
35,[2],0.5
36,[2],1.0
37,[2],1.5
38,[2],2.0
39,[2],2.5
40,[2],3.0
41,[2],4.0
42,[2],4.5
43,[2],5.0
44,[2],5.5
45,[2],6.0
46,[2],6.5
47,[2],7.0
48,[2],7.5
49,[2],8.0
50,[2],8.5
51,[2],9.0
52,[2],9.5
53,[2],10.0
54,[2],10.5
55,[2],11.0
56,[2],11.5
57,[2],12.0
58,[2],12.5
59,[2],13.0
60,[2],13.5
61,[2],14.0
62,[2],14.5
63,[2],15.0
64,[2],15.5
65,[2],16.0
66,[2],16.5
67,[2],17.0
68,[2],17.5
69,[2],18.0
70,[2],18.5
71,[2],19.0
72,[2],19.5
73,[2],20.0
74,[2],20.5
75,[2],21.0
76,[2],21.5
77,[2],22.0
78,[2],22.5
79,[2],23.0
80,[2],23.5
81,[2],24.0
82,[2],24.5
83,[2],25.0
84,[2],25.5
85,[2],26.0
86,[2],26.5
87,[2],27.0
88,[2],27.5
89,[2],28.0
90,[2],28.5
91,[2],29.0
92,[2],29.5
93,[2],30.0
94,[2],30.5
95,[2],31.0
96,[2],31.5
97,[2],32.0
98,[2],32.5
99,[2],33.0
100,[2],33.5
101,[2],34.0
102,[2],34.5
103,[2],35.0
104,[2],35.5
105,[2],36.0
106,[2],36.5
107,[2],37.0
108,[2],38.0
109,[2],38.5
110,[2],39.0
111,[2],39.5
112,[2],40.0
113,[3],0.0
114,[3],0.5
115,[3],1.0
116,[3],1.5
117,[3],2.0
118,[3],2.5
119,[3],3.0
120,[3],3.5
121,[3],4.0
122,[3],4.5
123,[3],5.0
124,[3],5.5
125,[3],6.0
126,[3],6.5
127,[3],7.0
128,[3],7.5
129,[3],8.0
130,[3],8.5
131,[3],9.0
132,[3],9.5
133,[3],10.0
134,[3],10.5
135,[3],11.0
136,[3],11.5
137,[3],12.0
138,[3],12.5
139,[3],13.0
140,[3],13.5
141,[3],14.0
142,[3],14.5
143,[3],15.0
144,[3],15.5
145,[3],16.0
146,[4],0.0
147,[4],0.5
148,[4],1.0
149,[4],1.5
150,[4],2.0
151,[4],2.5
152,[4],3.0
153,[4],3.5
154,[4],4.0
155,[4],4.5
156,[4],5.0
157,[4],5.5
158,[4],6.0
159,[4],6.5
160,[4],7.0
161,[4],7.5
162,[4],8.0
163,[4],8.5
164,[4],9.0
165,[4],9.5
166,[4],10.0
167,[4],10.5
168,[4],11.0
169,[4],11.5
170,[4],12.0
171,[4],12.5
172,[4],13.0
173,[4],13.5
174,[4],14.0
175,[4],14.5
176,[4],15.0
177,[4],15.5
178,[4],16.0
179,[4],16.5
180,[4],17.5
181,[4],18.0
182,[4],18.5
183,[4],19.0
184,[4],19.5
185,[4],20.0
186,[4],20.5
187,[4],21.0
188,[4],21.5
189,[5],0.0
190,[5],0.5
191,[5],1.0
192,[5],1.5
193,[5],2.0
194,[5],2.5
195,[5],3.0
196,[5],3.5
197,[5],4.0
198,[5],4.5
199,[5],5.0
200,[5],5.5
201,[5],6.0
202,[5],6.5
203,[5],7.0
204,[5],7.5
205,[5],8.0
206,[5],8.5
207,[5],9.0
208,[5],9.5
209,[5],10.0
210,[5],10.5
211,[5],11.0
212,[5],11.5
213,[5],12.0
214,[5],12.5
215,[5],13.0
216,[5],13.5
217,[5],14.0
218,[5],14.5
219,[5],15.0
220,[5],15.5
221,[5],16.0
222,[5],16.5
223,[5],17.0
224,[5],17.5
225,[5],18.0
226,[5],18.5
227,[5],19.0
228,[5],19.5
229,[5],20.0
230,[5],20.5
231,[5],21.0
232,[5],21.5
233,[5],22.0
234,[5],22.5
235,[5],23.0
236,[5],23.5
237,[5],24.0
238,[5],24.5
239,[5],25.0
240,[5],25.5
241,[5],26.0
242,[5],26.5
243,[5],27.0
244,[5],27.5
245,[5],28.0
246,[5],30.5
247,[5],31.5
248,[5],32.0
249,[5],32.5
250,[5],33.0
251,[5],33.5
252,[5],34.0
253,[5],34.5
254,[5],35.0
255,[5],35.5
256,[5],36.0
257,[5],36.5
258,[5],37.0
259,[5],37.5
260,[5],38.0
261,[5],38.5
262,[5],39.0
263,[5],39.5
264,[5],40.0
265,[5],40.5
266,[5],41.0
267,[5],41.5
268,[5],42.0
269,[5],42.5
270,[5],43.0
271,[5],43.5
272,[5],44.0
273,[5],44.5
274,[5],45.0
275,[5],45.5
276,[5],46.0
277,[5],46.5
278,[5],47.0
279,[5],47.5
280,[5],48.0
281,[5],48.5
282,[5],49.0
283,[5],49.5
284,[5],50.0
285,[5],50.5
286,[5],51.0
287,[5],51.5
288,[5],52.0
289,[5],52.5
290,[5],53.0
291,[5],53.5
292,[5],54.0
293,[5],54.5
294,[5],55.0
295,[5],55.5
296,[5],56.0
297,[5],56.5
298,[5],57.0
299,[5],57.5
300,[5],58.0
301,[5],58.5
302,[5],59.0
303,[5],59.5
304,[5],60.0
305,[5],60.5
306,[5],61.0
307,[5],61.5
308,[5],62.0
309,[5],62.5
310,[5],63.0
311,[5],63.5
312,[5],64.0
313,[5],64.5
314,[5],65.0
315,[5],65.5
316,[5],66.0
317,[5],66.5
318,[5],67.0
319,[5],67.5
320,[5],68.0
321,[5],68.5
322,[5],69.0
323,[5],69.5
324,[5],70.0
325,[5],70.5
326,[5],71.0
327,[5],71.5
328,[5],72.0
329,[5],72.5
330,[5],73.0
331,[5],76.0
332,[5],76.5
333,[5],77.0
334,[5],77.5
335,[5],78.0
336,[5],78.5
337,[5],79.0
338,[5],79.5
339,[5],80.0
340,[5],80.5
341,[5],81.0
342,[5],81.5
343,[5],82.0
344,[5],82.5
345,[5],83.0
346,[5],83.5
347,[5],84.0
348,[5],84.5
349,[5],85.0
350,[5],85.5
351,[5],86.0
352,[5],86.5
353,[5],87.0
354,[5],87.5
355,[5],88.0
356,[5],88.5
357,[5],89.0
358,[5],89.5
359,[5],90.0
360,[5],90.5
361,[5],91.0
362,[5],91.5
363,[5],92.0
364,[5],92.5
365,[5],93.0
366,[5],93.5
367,[5],94.0
368,[5],94.5
369,[5],95.0
370,[5],95.5
371,[5],96.0
372,[5],96.5
373,[5],97.0
374,[5],97.5
375,[5],98.0
376,[5],98.5
377,[5],99.0
378,[5],99.5
379,[5],100.0
380,[6],0.0
381,[6],0.5
382,[6],1.0
383,[6],1.5
384,[6],2.0
385,[6],2.5
386,[6],3.0
387,[6],4.0
388,[6],4.5
389,[6],5.0
390,[6],5.5
391,[6],6.0
392,[6],6.5
393,[6],7.0
394,[6],7.5
395,[6],8.0
396,[6],8.5
397,[6],9.0
398,[6],9.5
399,[6],10.0
400,[6],10.5
401,[6],11.0
402,[6],11.5
403,[6],12.0
404,[6],12.5
405,[6],13.0
406,[6],13.5
407,[6],14.0
408,[6],14.5
409,[6],15.0
410,[6],15.5
411,[6],16.0
412,[6],16.5
413,[6],17.0
414,[6],17.5
415,[6],18.0
416,[6],18.5
417,[6],19.0
418,[6],19.5
419,[6],20.0
420,[6],20.5
421,[6],23.0
422,[6],23.5
423,[6],24.0
424,[6],24.5
425,[6],26.0
426,[6],26.5
427,[6],27.0
428,[6],27.5
429,[6],28.5
430,[6],29.0
431,[6],29.5
432,[6],30.5
433,[6],31.0
434,[6],31.5
435,[6],32.0
436,[6],32.5
437,[6],33.0
438,[6],33.5
439,[6],34.0
440,[6],34.5
441,[6],35.0
442,[6],35.5
443,[6],36.0
444,[6],36.5
445,[6],37.0
446,[6],37.5
447,[6],38.0
448,[6],38.5
449,[6],39.0
450,[6],39.5
451,[6],40.0
452,[6],40.5
453,[6],41.0
454,[6],41.5
455,[6],42.0
456,[6],42.5
457,[6],43.0
458,[6],43.5
459,[6],44.0
460,[6],44.5
461,[6],45.0
462,[6],45.5
463,[6],46.0
464,[6],46.5
465,[6],47.0
466,[6],47.5
467,[6],48.0
468,[6],48.5
469,[6],49.0
470,[6],49.5
471,[6],50.0
472,[6],50.5
473,[6],51.0
474,[6],51.5
475,[6],52.5
476,[6],53.0
477,[6],53.5
478,[6],54.0
479,[6],54.5
480,[6],55.0
481,[6],55.5
482,[6],56.0
483,[6],56.5
484,[6],57.0
485,[6],57.5
486,[6],58.0
487,[6],58.5
488,[6],59.0
489,[6],59.5
490,[6],60.0
491,[6],60.5
492,[6],61.0
493,[6],61.5
494,[6],62.0
495,[6],62.5
496,[6],63.0
497,[6],63.5
498,[6],64.0
499,[6],64.5
500,[6],65.0
501,[6],65.5
502,[6],66.0
503,[6],66.5
504,[6],67.5
505,[6],68.0
506,[6],68.5
507,[6],69.0
508,[6],69.5
509,[6],70.0
510,[6],70.5
511,[6],71.0
512,[6],71.5
513,[6],72.0
514,[6],72.5
515,[6],73.0
516,[6],73.5
517,[6],74.0
518,[6],75.5
519,[6],76.0
520,[6],76.5
521,[6],77.0
522,[6],77.5
523,[6],78.0
524,[6],78.5
525,[6],79.0
526,[6],79.5
527,[6],80.0
528,[6],80.5
529,[6],81.0
530,[6],81.5
531,[6],82.0
532,[6],82.5
533,[6],83.0
534,[6],83.5
535,[7],0.0
536,[7],0.5
537,[7],1.0
538,[7],1.5
539,[7],2.0
540,[7],2.5
541,[7],3.0
542,[7],3.5
543,[7],4.0
544,[7],4.5
545,[7],5.0
546,[7],5.5
547,[7],6.0
548,[7],6.5
549,[7],7.0
550,[7],7.5
551,[7],8.0
552,[7],8.5
553,[7],9.0
554,[7],9.5
555,[7],10.0
556,[7],10.5
557,[7],11.0
558,[7],11.5
559,[7],12.0
560,[7],12.5
561,[7],13.0
562,[7],13.5
563,[7],14.0
564,[7],14.5
565,[7],15.0
566,[7],15.5
567,[7],16.0
568,[7],16.5
569,[7],17.0
570,[7],17.5
571,[7],18.0
572,[7],18.5
573,[7],19.0
574,[7],19.5
575,[7],20.0
576,[7],20.5
577,[7],21.0
578,[7],21.5
579,[7],22.0
580,[7],22.5
581,[7],23.0
582,[7],23.5
583,[7],24.0
584,[7],24.5
585,[7],25.0
586,[7],25.5
587,[7],26.0
588,[7],26.5
589,[7],27.0
590,[7],27.5
591,[7],28.0
592,[7],28.5
593,[7],29.0
594,[7],29.5
595,[7],30.0
596,[7],30.5
597,[7],31.0
598,[7],31.5
599,[7],32.0
600,[7],32.5
601,[7],33.0
602,[7],33.5
603,[7],34.0
604,[7],34.5
605,[7],35.0
606,[7],35.5
607,[7],36.0
608,[7],36.5
609,[7],37.0
610,[7],37.5
611,[7],38.0
612,[7],38.5
613,[7],39.0
614,[7],39.5
615,[7],40.0
616,[7],40.5
617,[7],41.0
618,[7],41.5
619,[7],42.0
620,[7],42.5
621,[7],43.0
622,[7],43.5
623,[7],44.0
624,[7],44.5
625,[7],45.0
626,[7],45.5
627,[7],46.0
628,[7],46.5
629,[7],47.0
630,[7],47.5
631,[7],48.0
632,[7],48.5
633,[7],49.0
634,[7],49.5
635,[7],50.0
636,[7],50.5
637,[7],51.0
638,[7],52.5
639,[7],53.0
640,[7],53.5
641,[7],54.0
642,[7],54.5
643,[7],55.0
644,[7],55.5
645,[7],56.0
646,[7],56.5
647,[7],57.0
648,[7],57.5
649,[7],58.0
650,[7],58.5
651,[8],0.0
652,[8],0.5
653,[8],1.0
654,[8],1.5
655,[8],2.0
656,[8],2.5
657,[8],3.0
658,[8],3.5
659,[8],4.0
660,[8],4.5
661,[8],5.0
662,[8],5.5
663,[8],6.0
664,[8],6.5
665,[8],7.0
666,[8],7.5
667,[8],8.0
668,[8],8.5
669,[8],9.0
670,[8],9.5
671,[8],10.0
672,[8],10.5
673,[8],11.0
674,[8],11.5
675,[8],12.5
676,[8],13.0
677,[8],13.5
678,[8],14.0
679,[8],14.5
680,[8],15.0
681,[8],15.5
682,[8],16.0
683,[8],16.5
684,[8],17.0
685,[8],17.5
686,[8],18.0
687,[8],18.5
688,[8],19.0
689,[8],19.5
690,[8],20.0
691,[8],20.5
692,[8],21.0
693,[8],23.0
694,[8],23.5
695,[8],24.0
696,[8],24.5
697,[8],25.0
698,[8],25.5
699,[8],27.5
700,[8],28.0
701,[8],29.0
702,[8],29.5
703,[8],30.0
704,[8],31.5
705,[8],32.0
706,[8],32.5
707,[8],33.0
708,[8],33.5
709,[8],34.0
710,[8],34.5
711,[8],35.0
712,[8],35.5
713,[8],36.0
714,[8],36.5
715,[8],37.0
716,[8],37.5
717,[8],38.0
718,[8],38.5
719,[8],39.0
720,[8],39.5
721,[8],40.0
722,[8],40.5
723,[8],41.0
724,[8],41.5
725,[8],42.5
726,[8],43.0
727,[9],0.0
728,[9],0.5
729,[9],1.0
730,[9],1.5
731,[9],2.0
732,[9],2.5
733,[9],3.0
734,[9],3.5
735,[9],4.0
736,[9],4.5
737,[9],5.0
738,[9],5.5
739,[9],6.0
740,[9],6.5
741,[9],7.0
742,[9],7.5
743,[9],8.0
744,[9],8.5
745,[9],9.0
746,[9],9.5
747,[9],10.0
748,[9],10.5
749,[9],11.0
750,[9],11.5
751,[9],12.0
752,[9],12.5
753,[9],13.0
754,[9],14.5
755,[9],15.0
756,[9],15.5
757,[9],17.0
758,[9],17.5
759,[9],18.0
760,[9],18.5
761,[9],19.0
762,[9],19.5
763,[9],20.0
764,[9],20.5
765,[9],21.0
766,[9],21.5
767,[10],0.0
768,[10],0.5
769,[10],1.0
770,[10],1.5
771,[10],2.0
772,[10],2.5
773,[10],3.0
774,[10],3.5
775,[10],4.0
776,[10],4.5
777,[10],5.5
778,[10],6.0
779,[10],10.5
780,[10],11.5
781,[10],13.0
782,[10],14.5
783,[10],17.0
784,[11],0.0
785,[11],0.5
786,[11],1.0
787,[11],1.5
788,[11],2.0
789,[11],2.5
790,[11],3.0
791,[11],3.5
792,[11],4.0
793,[11],4.5
794,[11],5.0
795,[11],5.5
796,[11],6.0
797,[11],6.5
798,[11],7.0
799,[11],7.5
800,[11],8.0
801,[11],8.5
802,[11],9.0
803,[11],9.5
804,[11],10.0
805,[11],10.5
806,[11],11.0
807,[11],11.5
808,[11],12.0
809,[11],12.5
810,[11],13.0
811,[11],13.5
812,[11],14.0
813,[11],14.5
814,[11],15.0
815,[11],15.5
816,[11],16.0
817,[11],16.5
818,[11],17.0
819,[11],17.5
820,[11],18.0
821,[11],18.5
822,[11],19.0
823,[11],19.5
824,[12],0.0
825,[12],0.5
826,[12],1.0
827,[12],1.5
828,[12],2.0
829,[12],2.5
830,[12],3.0
831,[12],3.5
832,[12],4.0
833,[12],4.5
834,[12],5.0
835,[12],5.5
836,[12],6.0
837,[12],6.5
838,[12],7.0
839,[12],7.5
840,[12],8.0
841,[12],8.5
842,[12],9.0
843,[12],9.5
844,[12],10.0
845,[12],10.5
846,[12],11.0
847,[12],11.5
848,[12],12.0
849,[12],12.5
850,[12],13.0
851,[12],13.5
852,[12],14.0
853,[12],14.5
854,[12],15.0
855,[12],15.5
856,[12],16.0
857,[12],16.5
858,[12],17.0
859,[12],17.5
860,[12],18.0
861,[12],18.5
862,[13],0.0
863,[13],0.5
864,[13],1.0
865,[13],1.5
866,[13],2.0
867,[13],2.5
868,[13],3.0
869,[13],3.5
870,[13],4.0
871,[13],4.5
872,[13],5.0
873,[13],5.5
874,[13],6.0
875,[13],6.5
876,[13],7.0
877,[13],7.5
878,[13],8.0
879,[13],8.5
880,[13],9.0
881,[13],9.5
882,[13],10.0
883,[13],10.5
884,[13],11.0
885,[13],11.5
886,[13],12.0
887,[13],12.5
888,[13],13.0
889,[13],13.5
890,[13],14.0
891,[13],14.5
892,[13],15.0
893,[13],15.5
894,[13],16.0
895,[13],16.5
896,[13],17.0
897,[13],17.5
898,[13],18.0
899,[13],18.5
900,[13],19.0
901,[13],19.5
902,[13],20.0
903,[13],20.5
904,[13],21.0
905,[13],21.5
906,[13],22.0
907,[13],22.5
908,[13],23.0
909,[13],23.5
910,[13],24.0
911,[13],24.5
912,[14],1.5
913,[14],2.5
914,[14],4.0
915,[14],6.5
916,[14],7.0
917,[14],9.0
918,[14],9.5
919,[14],13.0
920,[14],17.5
921,[15],0.0
922,[15],0.5
923,[15],1.0
924,[15],1.5
925,[15],2.0
926,[15],2.5
927,[15],3.0
928,[15],3.5
929,[15],4.0
930,[15],4.5
931,[15],5.0
932,[15],5.5
933,[15],6.0
934,[15],6.5
935,[15],7.0
936,[15],7.5
937,[15],8.0
938,[15],8.5
939,[15],9.0
940,[15],9.5
941,[15],10.0
942,[15],10.5
943,[15],11.0
944,[15],11.5
945,[15],12.0
946,[15],12.5
947,[15],13.0
948,[15],13.5
949,[15],14.0
950,[15],14.5
951,[15],15.0
952,[15],15.5
953,[15],16.0
954,[15],16.5
955,[15],17.0
956,[15],17.5
957,[15],18.0
958,[15],18.5
959,[15],19.0
960,[15],19.5
961,[15],20.0
962,[15],20.5
963,[16],0.0
964,[16],0.5
965,[16],1.0
966,[16],1.5
967,[16],2.0
968,[16],2.5
969,[16],3.0
970,[16],3.5
971,[16],4.0
972,[16],4.5
973,[16],5.0
974,[16],5.5
975,[16],6.0
976,[16],6.5
977,[16],7.5
978,[16],9.0
979,[16],10.0
980,[16],10.5
981,[16],11.5
982,[16],12.0
983,[16],13.0
984,[16],13.5
985,[16],14.0
986,[16],14.5
987,[16],15.0
988,[16],15.5
989,[16],16.0
990,[16],16.5
991,[16],17.0
992,[16],17.5
993,[16],18.0
994,[16],18.5
995,[16],19.0
996,[16],20.0
997,[16],20.5
998,[16],21.0
999,[16],23.0
1000,[16],23.5
1001,[16],24.0
1002,[16],24.5
1003,[16],25.0
1004,[16],25.5
1005,[17],0.0
1006,[17],0.5
1007,[17],1.0
1008,[17],1.5
1009,[17],2.0
1010,[17],2.5
1011,[17],3.0
1012,[17],3.5
1013,[17],4.0
1014,[17],4.5
1015,[17],5.0
1016,[17],5.5
1017,[17],6.0
1018,[17],6.5
1019,[17],7.0
1020,[17],7.5
1021,[17],8.0
1022,[17],8.5
1023,[17],9.0
1024,[17],9.5
1025,[17],10.0
1026,[17],10.5
1027,[17],11.0
1028,[17],11.5
1029,[17],12.0
1030,[17],12.5
1031,[17],13.0
1032,[17],13.5
1033,[17],14.0
1034,[17],14.5
1035,[17],15.0
1036,[18],0.0
1037,[18],0.5
1038,[18],1.0
1039,[18],1.5
1040,[18],2.0
1041,[18],3.0
1042,[18],3.5
1043,[18],4.0
1044,[18],4.5
1045,[18],5.0
1046,[18],5.5
1047,[18],6.0
1048,[18],6.5
1049,[18],7.0
1050,[18],7.5
1051,[18],8.0
1052,[18],8.5
1053,[18],9.0
1054,[18],9.5
1055,[18],10.0
1056,[18],10.5
1057,[18],11.0
1058,[18],11.5
1059,[18],12.0
1060,[18],12.5
1061,[18],13.0
1062,[18],13.5
1063,[18],14.0
1064,[18],14.5
1065,[18],15.0
1066,[18],15.5
1067,[18],16.0
1068,[18],16.5
1069,[18],17.0
1070,[18],17.5
1071,[18],18.0
1072,[18],18.5
1073,[18],19.0
1074,[18],19.5
1075,[19],0.0
1076,[19],0.5
1077,[19],1.0
1078,[19],1.5
1079,[19],2.0
1080,[19],2.5
1081,[19],3.0
1082,[19],3.5
1083,[19],4.0
1084,[19],4.5
1085,[19],5.0
1086,[19],5.5
1087,[19],6.0
1088,[19],6.5
1089,[19],7.0
1090,[19],7.5
1091,[19],8.0
1092,[19],8.5
1093,[19],9.0
1094,[19],9.5
1095,[19],10.0
1096,[19],10.5
1097,[19],11.0
1098,[19],11.5
1099,[19],12.0
1100,[19],12.5
1101,[19],13.0
1102,[19],13.5
1103,[19],14.0
1104,[19],14.5
1105,[19],15.0
1106,[19],15.5
1107,[19],16.0
1108,[19],16.5
1109,[19],17.0
1110,[19],17.5
1111,[19],18.0
1112,[19],18.5
1113,[19],19.0
1114,[19],19.5
1115,[19],20.0
1116,[20],0.5
1117,[20],1.0
1118,[20],1.5
1119,[20],2.0
1120,[20],2.5
1121,[20],3.0
1122,[20],3.5
1123,[20],4.0
1124,[20],4.5
1125,[20],5.0
1126,[20],6.0
1127,[20],6.5
1128,[20],7.0
1129,[20],7.5
1130,[20],8.0
1131,[20],8.5
1132,[20],9.0
1133,[20],9.5
1134,[20],10.0
1135,[20],10.5
1136,[20],11.0
1137,[20],11.5
1138,[20],12.0
1139,[20],12.5
1140,[20],13.5
1141,[20],14.5
1142,[20],15.0
1143,[20],15.5
1144,[20],16.0
1145,[20],16.5
1146,[20],17.0
1147,[20],19.0
1148,[20],19.5
1149,[20],20.5
1150,[20],21.0
1151,[21],0.5
1152,[21],1.0
1153,[21],1.5
1154,[21],2.0
1155,[21],3.5
1156,[21],4.5
1157,[21],5.0
1158,[21],5.5
1159,[21],6.0
1160,[21],6.5
1161,[21],7.0
1162,[21],10.5
1163,[21],11.0
1164,[21],11.5
1165,[21],13.0
1166,[21],13.5
1167,[21],14.0
1168,[21],16.5
1169,[21],17.0
1170,[21],17.5
1171,[21],19.0
1172,[22],0.0
1173,[22],1.0
1174,[22],1.5
1175,[22],2.0
1176,[22],2.5
1177,[22],3.0
1178,[22],3.5
1179,[22],4.0
1180,[22],4.5
1181,[22],5.0
1182,[22],5.5
1183,[22],6.0
1184,[22],6.5
1185,[22],7.0
1186,[22],7.5
1187,[22],8.0
1188,[22],8.5
1189,[22],9.0
1190,[22],9.5
1191,[22],10.0
1192,[22],10.5
1193,[22],11.0
1194,[22],11.5
1195,[22],12.0
1196,[22],12.5
1197,[22],13.0
1198,[22],13.5
1199,[22],14.0
1200,[22],14.5
1201,[22],15.0
1202,[22],15.5
1203,[22],16.0
1204,[22],16.5
1205,[22],17.0
1206,[22],17.5
1207,[22],18.0
1208,[22],18.5
1209,[22],19.0
1210,[22],19.5
1211,[22],20.0
1212,[22],20.5
1213,[22],21.0
1214,[22],21.5
1215,[22],22.0
1216,[22],22.5
1217,[22],23.0
1218,[22],23.5
1219,[22],24.0
1220,[22],24.5
1221,[22],25.0
1222,[22],25.5
1223,[22],26.0
1224,[22],26.5
1225,[22],27.0
1226,[22],27.5
1227,[22],28.0
1228,[22],28.5
1229,[22],29.0
1230,[22],29.5
1231,[22],30.0
1232,[22],30.5
1233,[22],31.0
1234,[22],31.5
1235,[22],32.0
1236,[22],32.5
1237,[22],33.0
1238,[22],33.5
1239,[22],34.0
1240,[22],34.5
1241,[22],35.0
1242,[22],35.5
1243,[22],36.0
1244,[22],36.5
1245,[22],37.0
1246,[22],37.5
1247,[22],38.0
1248,[22],38.5
1249,[22],39.0
1250,[22],39.5
1251,[22],40.0
1252,[22],40.5
1253,[22],41.0
1254,[22],41.5
1255,[22],42.0
1256,[22],42.5
1257,[22],43.0
1258,[22],43.5
1259,[22],44.0
1260,[22],44.5
1261,[22],45.0
1262,[22],45.5
1263,[22],46.0
1264,[22],46.5
1265,[22],47.0
1266,[22],47.5
1267,[22],48.0
1268,[22],48.5
1269,[22],49.0
1270,[22],49.5
1271,[22],50.0
1272,[22],50.5
1273,[22],51.0
1274,[22],51.5
1275,[22],52.0
1276,[22],52.5
1277,[22],53.0
1278,[22],53.5
1279,[22],54.0
1280,[22],54.5
1281,[22],55.0
1282,[22],55.5
1283,[22],56.0
1284,[22],56.5
1285,[22],57.0
1286,[22],57.5
1287,[22],58.0
1288,[22],58.5
1289,[22],59.0
1290,[22],59.5
1291,[22],60.0
1292,[22],60.5
1293,[22],61.0
1294,[22],61.5
1295,[22],62.0
1296,[22],62.5
1297,[22],63.0
1298,[22],63.5
1299,[22],64.0
1300,[22],64.5
1301,[22],65.0
1302,[22],65.5
1303,[22],66.0
1304,[22],66.5
1305,[22],67.0
1306,[22],67.5
1307,[22],68.0
1308,[22],68.5
1309,[22],69.0
1310,[22],69.5
1311,[23],0.0
1312,[23],0.5
1313,[23],1.0
1314,[23],1.5
1315,[23],2.0
1316,[23],2.5
1317,[23],3.0
1318,[23],3.5
1319,[23],4.0
1320,[23],4.5
1321,[23],5.0
1322,[23],5.5
1323,[23],6.0
1324,[23],6.5
1325,[23],7.0
1326,[23],7.5
1327,[23],8.0
1328,[23],8.5
1329,[23],9.0
1330,[23],9.5
1331,[23],10.0
1332,[23],10.5
1333,[23],11.0
1334,[23],11.5
1335,[23],12.0
1336,[23],12.5
1337,[23],13.0
1338,[23],13.5
1339,[23],14.0
1340,[23],14.5
1341,[23],15.0
1342,[23],15.5
1343,[23],16.0
1344,[23],16.5
1345,[23],17.0
1346,[23],17.5
1347,[23],18.0
1348,[23],18.5
1349,[23],19.0
1350,[23],19.5
1351,[23],20.0
1352,[23],20.5
1353,[23],21.0
1354,[23],21.5
1355,[23],22.0
1356,[23],22.5
1357,[23],23.0
1358,[23],23.5
1359,[23],24.0
1360,[23],24.5
1361,[23],25.0
1362,[23],25.5
1363,[23],26.0
1364,[23],26.5
1365,[23],27.0
1366,[23],27.5
1367,[23],28.0
1368,[23],28.5
1369,[23],29.0
1370,[23],29.5
1371,[23],30.0
1372,[23],30.5
1373,[23],31.0
1374,[23],31.5
1375,[23],32.0
1376,[23],32.5
1377,[23],33.0
1378,[23],33.5
1379,[23],34.0
1380,[23],34.5
1381,[23],35.0
1382,[23],35.5
1383,[23],36.0
1384,[23],36.5
1385,[23],37.0
1386,[23],37.5
1387,[23],38.0
1388,[23],38.5
1389,[23],39.0
1390,[23],39.5
1391,[23],40.0
1392,[23],40.5
1393,[23],41.0
1394,[23],41.5
1395,[23],42.0
1396,[23],42.5
1397,[23],43.0
1398,[23],43.5
1399,[23],44.0
1400,[23],44.5
1401,[23],45.0
1402,[23],45.5
1403,[23],46.0
1404,[23],46.5
1405,[23],47.0
1406,[23],47.5
1407,[23],48.0
1408,[23],48.5
1409,[23],49.0
1410,[23],49.5
1411,[23],50.0
1412,[23],50.5
1413,[23],51.0
1414,[23],51.5
1415,[23],52.0
1416,[23],52.5
1417,[23],53.0
1418,[23],53.5
1419,[23],54.0
1420,[23],54.5
1421,[23],55.0
1422,[23],55.5
1423,[23],56.0
1424,[23],56.5
1425,[23],57.0
1426,[23],57.5
1427,[23],58.0
1428,[23],58.5
1429,[23],59.0
1430,[23],59.5
1431,[23],60.0
1432,[23],60.5
1433,[23],61.0
1434,[23],61.5
1435,[23],62.0
1436,[23],62.5
1437,[23],63.0
1438,[23],63.5
1439,[23],64.0
1440,[23],64.5
1441,[23],65.0
1442,[23],65.5
1443,[23],66.0
1444,[23],66.5
1445,[23],67.0
1446,[23],67.5
1447,[23],68.0
1448,[23],68.5
1449,[23],69.0
1450,[23],69.5
1451,[23],70.0
1452,[23],70.5
1453,[23],71.0
1454,[23],71.5
1455,[23],72.0
1456,[23],72.5
1457,[23],73.0
1458,[23],73.5
1459,[23],74.0
1460,[23],74.5
1461,[23],75.0
1462,[23],75.5
1463,[23],76.0
1464,[23],76.5
1465,[23],77.0
1466,[23],77.5
1467,[23],78.0
1468,[23],78.5
1469,[23],79.0
1470,[23],79.5
1471,[23],80.0
1472,[23],80.5
1473,[23],81.0
1474,[23],81.5
1475,[23],82.0
1476,[23],82.5
1477,[23],83.0
1478,[23],83.5
1479,[23],84.0
1480,[23],84.5
1481,[23],85.0
1482,[23],85.5
1483,[23],86.0
1484,[23],86.5
1485,[23],87.0
1486,[23],87.5
1487,[23],88.0
1488,[23],88.5
1489,[23],89.0
1490,[23],89.5
1491,[23],90.0
1492,[23],90.5
1493,[23],91.0
1494,[24],0.0
1495,[24],0.5
1496,[24],1.0
1497,[24],1.5
1498,[24],2.0
1499,[24],2.5
1500,[24],3.0
1501,[24],3.5
1502,[24],4.0
1503,[24],4.5
1504,[24],5.0
1505,[24],5.5
1506,[24],6.0
1507,[24],6.5
1508,[24],7.0
1509,[24],7.5
1510,[24],8.0
1511,[24],8.5
1512,[24],9.0
1513,[24],9.5
1514,[24],10.0
1515,[24],10.5
1516,[24],11.0
1517,[24],11.5
1518,[24],12.0
1519,[24],12.5
1520,[25],0.0
1521,[25],0.5
1522,[25],1.0
1523,[25],1.5
1524,[25],2.0
1525,[25],2.5
1526,[25],3.0
1527,[25],3.5
1528,[25],4.0
1529,[25],4.5
1530,[25],5.0
1531,[25],5.5
1532,[25],6.0
1533,[25],6.5
1534,[25],7.0
1535,[25],7.5
1536,[25],8.0
1537,[25],8.5
1538,[25],9.0
1539,[25],9.5
1540,[25],10.0
1541,[25],10.5
1542,[25],11.0
1543,[25],11.5
1544,[25],12.0
1545,[25],12.5
1546,[25],13.0
1547,[25],13.5
1548,[25],14.0
1549,[25],14.5
1550,[25],15.0
1551,[25],15.5
1552,[25],16.0
1553,[25],16.5
1554,[25],17.0
1555,[25],17.5
1556,[25],18.0
1557,[25],18.5
1558,[25],19.0
1559,[25],19.5
1560,[25],20.0
1561,[25],20.5
1562,[25],21.0
1563,[25],21.5
1564,[25],22.0
1565,[25],22.5
1566,[25],23.0
1567,[25],23.5
1568,[25],24.0
1569,[25],24.5
1570,[25],25.0
1571,[25],25.5
1572,[25],26.0
1573,[25],26.5
1574,[25],27.0
1575,[25],27.5
1576,[25],28.0
1577,[25],28.5
1578,[25],29.0
1579,[25],29.5
1580,[25],30.0
1581,[25],30.5
1582,[25],31.0
1583,[25],31.5
1584,[25],32.0
1585,[25],32.5
1586,[25],33.0
1587,[25],33.5
1588,[25],34.0
1589,[25],34.5
1590,[25],35.0
1591,[25],35.5
1592,[25],36.0
1593,[25],36.5
1594,[25],37.0
1595,[25],37.5
1596,[25],38.0
1597,[25],38.5
1598,[25],39.0
1599,[25],39.5
1600,[25],40.0
1601,[25],40.5
1602,[25],41.0
1603,[25],41.5
1604,[25],42.0
1605,[25],42.5
1606,[25],43.0
1607,[25],43.5
1608,[25],44.0
1609,[25],44.5
1610,[25],45.0
1611,[25],45.5
1612,[25],46.0
1613,[25],46.5
1614,[25],47.0
1615,[25],47.5
1616,[25],48.0
1617,[25],48.5
1618,[25],49.0
1619,[25],49.5
1620,[25],50.0
1621,[25],50.5
1622,[25],51.0
1623,[25],51.5
1624,[25],52.0
1625,[25],52.5
1626,[25],53.0
1627,[25],53.5
1628,[25],54.0
1629,[25],54.5
1630,[25],55.0
1631,[25],55.5
1632,[25],56.0
1633,[25],56.5
1634,[25],57.0
1635,[25],57.5
1636,[25],58.0
1637,[25],58.5
1638,[25],59.0
1639,[25],59.5
1640,[25],60.0
1641,[25],60.5
1642,[25],61.0
1643,[25],61.5
1644,[25],62.0
1645,[25],62.5
1646,[25],63.0
1647,[25],63.5
1648,[25],64.0
1649,[25],64.5
1650,[25],65.0
1651,[25],65.5
1652,[25],66.0
1653,[25],66.5
1654,[25],67.0
1655,[25],67.5
1656,[25],68.0
1657,[25],68.5
1658,[25],69.0
1659,[25],69.5
1660,[25],70.0
1661,[25],70.5
1662,[25],71.0
1663,[25],71.5
1664,[25],72.0
1665,[25],72.5
1666,[25],73.0
1667,[25],73.5
1668,[25],74.0
1669,[25],74.5
1670,[25],75.0
1671,[25],75.5
1672,[25],76.0
1673,[25],76.5
1674,[25],77.0
1675,[25],77.5
1676,[25],78.0
1677,[25],78.5
1678,[25],79.0
1679,[25],79.5
1680,[25],80.0
1681,[25],80.5
1682,[25],81.0
1683,[25],81.5
1684,[25],82.0
1685,[25],82.5
1686,[25],83.0
1687,[25],83.5
1688,[25],84.0
1689,[25],84.5
1690,[25],85.0
1691,[25],85.5
1692,[26],0.0
1693,[26],0.5
1694,[26],1.0
1695,[26],1.5
1696,[26],2.0
1697,[26],2.5
1698,[26],3.0
1699,[26],3.5
1700,[26],4.0
1701,[26],4.5
1702,[26],5.0
1703,[26],5.5
1704,[26],6.0
1705,[26],6.5
1706,[26],7.0
1707,[26],7.5
1708,[26],8.5
1709,[26],9.0
1710,[26],9.5
1711,[26],10.0
1712,[26],10.5
1713,[26],11.0
1714,[26],11.5
1715,[26],12.0
1716,[26],12.5
1717,[26],13.0
1718,[26],13.5
1719,[26],14.0
1720,[26],14.5
1721,[27],0.0
1722,[27],0.5
1723,[27],1.0
1724,[27],1.5
1725,[27],2.0
1726,[27],2.5
1727,[27],3.0
1728,[27],3.5
1729,[27],4.0
1730,[27],4.5
1731,[27],5.0
1732,[27],5.5
1733,[27],6.0
1734,[27],6.5
1735,[27],7.0
1736,[27],7.5
1737,[27],8.0
1738,[27],8.5
1739,[27],9.0
1740,[27],9.5
1741,[27],10.0
1742,[27],10.5
1743,[27],11.0
1744,[27],11.5
1745,[27],12.0
1746,[27],12.5
1747,[27],13.0
1748,[27],13.5
1749,[27],14.0
1750,[27],14.5
1751,[27],15.0
1752,[27],15.5
1753,[27],16.0
1754,[27],16.5
1755,[27],17.0
1756,[27],17.5
1757,[27],18.0
1758,[27],18.5
1759,[27],19.0
1760,[27],19.5
1761,[27],20.0
1762,[27],20.5
1763,[27],21.0
1764,[27],21.5
1765,[27],22.0
1766,[27],22.5
1767,[27],23.0
1768,[27],23.5
1769,[27],24.0
1770,[27],24.5
1771,[27],25.0
1772,[27],25.5
1773,[27],26.0
1774,[27],26.5
1775,[27],27.0
1776,[27],27.5
1777,[27],28.0
1778,[27],28.5
1779,[27],29.0
1780,[27],29.5
1781,[27],30.0
1782,[27],30.5
1783,[27],31.0
1784,[27],31.5
1785,[27],32.0
1786,[27],32.5
1787,[27],33.0
1788,[27],33.5
1789,[27],34.0
1790,[27],34.5
1791,[27],35.0
1792,[27],35.5
1793,[27],36.0
1794,[27],36.5
1795,[27],37.0
1796,[27],37.5
1797,[27],38.0
1798,[27],38.5
1799,[27],39.0
1800,[27],39.5
1801,[27],40.0
1802,[27],40.5
1803,[27],41.0
1804,[27],41.5
1805,[27],42.0
1806,[27],42.5
1807,[27],43.0
1808,[27],43.5
1809,[27],44.0
1810,[27],44.5
1811,[27],45.0
1812,[27],45.5
1813,[27],46.0
1814,[27],46.5
1815,[27],47.0
1816,[27],47.5
1817,[27],48.0
1818,[27],48.5
1819,[27],49.0
1820,[27],49.5
1821,[27],50.0
1822,[27],50.5
1823,[27],51.0
1824,[27],51.5
1825,[27],52.0
1826,[27],52.5
1827,[27],53.0
1828,[27],53.5
1829,[27],54.0
1830,[27],54.5
1831,[27],55.0
1832,[27],55.5
1833,[27],56.0
1834,[27],56.5
1835,[27],57.0
1836,[27],57.5
1837,[27],58.0
1838,[27],58.5
1839,[27],59.0
1840,[27],59.5
1841,[27],60.0
1842,[27],60.5
1843,[27],61.0
1844,[27],61.5
1845,[27],62.0
1846,[27],62.5
1847,[27],63.0
1848,[27],63.5
1849,[27],64.0
1850,[27],64.5
1851,[27],65.0
1852,[27],65.5
1853,[27],66.0
1854,[27],66.5
1855,[27],67.0
1856,[27],67.5
1857,[27],68.0
1858,[27],68.5
1859,[27],69.0
1860,[27],69.5
1861,[27],70.0
1862,[27],70.5
1863,[27],71.0
1864,[27],71.5
1865,[27],72.0
1866,[27],72.5
1867,[28],0.0
1868,[28],0.5
1869,[28],1.0
1870,[28],1.5
1871,[28],2.0
1872,[28],2.5
1873,[28],3.0
1874,[28],3.5
1875,[28],4.0
1876,[28],4.5
1877,[28],5.0
1878,[28],5.5
1879,[28],6.0
1880,[28],6.5
1881,[28],7.0
1882,[28],7.5
1883,[28],8.0
1884,[28],8.5
1885,[28],9.0
1886,[28],9.5
1887,[28],10.0
1888,[28],10.5
1889,[28],11.0
1890,[28],11.5
1891,[28],12.0
1892,[28],12.5
1893,[28],13.0
1894,[28],13.5
1895,[28],14.0
1896,[28],14.5
1897,[28],15.0
1898,[28],15.5
1899,[28],16.0
1900,[28],16.5
1901,[28],17.0
1902,[28],17.5
1903,[28],18.0
1904,[28],18.5
1905,[28],19.0
1906,[28],19.5
1907,[29],0.0
1908,[29],0.5
1909,[29],1.0
1910,[29],1.5
1911,[29],2.0
1912,[29],2.5
1913,[29],3.0
1914,[29],3.5
1915,[29],4.0
1916,[29],4.5
1917,[29],5.0
1918,[29],5.5
1919,[29],6.0
1920,[29],6.5
1921,[29],7.0
1922,[29],7.5
1923,[29],8.0
1924,[29],9.0
1925,[29],9.5
1926,[29],10.0
1927,[29],11.0
1928,[29],11.5
1929,[29],12.0
1930,[29],12.5
1931,[29],13.0
1932,[29],13.5
1933,[29],14.0
1934,[29],14.5
1935,[29],15.5
1936,[29],16.0
1937,[29],16.5
1938,[29],17.0
1939,[29],17.5
1940,[29],18.0
1941,[29],18.5
1942,[29],19.5
1943,[29],20.0
1944,[29],20.5
1945,[29],21.0
1946,[29],21.5
1947,[29],23.0
1948,[29],23.5
1949,[29],24.0
1950,[29],24.5
1951,[29],25.0
1952,[29],25.5
1953,[29],26.0
1954,[29],26.5
1955,[29],27.0
1956,[29],27.5
1957,[29],28.0
1958,[29],28.5
1959,[29],29.0
1960,[29],29.5
1961,[29],30.0
1962,[29],30.5
1963,[29],31.0
1964,[29],31.5
1965,[29],32.0
1966,[29],32.5
1967,[29],33.0
1968,[29],33.5
1969,[29],34.0
1970,[29],34.5
1971,[29],35.0
1972,[29],35.5
1973,[29],36.0
1974,[29],36.5
1975,[29],37.0
1976,[29],37.5
1977,[29],38.0
1978,[29],38.5
1979,[29],39.0
1980,[29],39.5
1981,[29],40.0
1982,[29],40.5
1983,[29],41.0
1984,[29],41.5
1985,[29],42.0
1986,[29],42.5
1987,[29],43.0
1988,[29],44.0
1989,[29],44.5
1990,[29],45.5
1991,[29],46.0
1992,[29],46.5
1993,[29],47.0
1994,[29],47.5
1995,[29],48.0
1996,[29],49.0
1997,[29],49.5
1998,[29],50.0
1999,[29],50.5
2000,[29],51.0
2001,[29],51.5
2002,[29],52.0
2003,[29],52.5
2004,[29],53.0
2005,[29],53.5
2006,[29],54.0
2007,[29],54.5
2008,[29],55.0
2009,[29],55.5
2010,[29],56.5
2011,[29],57.0
2012,[29],57.5
2013,[29],58.0
2014,[29],58.5
2015,[29],59.0
2016,[29],59.5
2017,[29],60.0
2018,[29],61.0
2019,[29],61.5
2020,[29],62.0
2021,[29],62.5
2022,[29],63.0
2023,[29],63.5
2024,[29],64.0
2025,[29],64.5
2026,[29],65.0
2027,[29],66.0
2028,[29],66.5
2029,[29],67.0
2030,[29],67.5
2031,[29],68.0
2032,[29],68.5
2033,[29],69.0
2034,[29],69.5
2035,[29],70.0
2036,[29],70.5
2037,[29],71.0
2038,[29],71.5
2039,[29],72.0
2040,[29],72.5
2041,[29],73.0
2042,[29],73.5
2043,[29],74.0
2044,[29],75.0
2045,[29],76.0
2046,[29],76.5
2047,[29],77.0
2048,[29],77.5
2049,[29],78.0
2050,[29],78.5
2051,[30],0.0
2052,[30],1.0
2053,[30],1.5
2054,[30],2.0
2055,[30],2.5
2056,[30],3.0
2057,[30],3.5
2058,[30],4.5
2059,[30],9.0
2060,[30],9.5
2061,[30],10.0
2062,[30],10.5
2063,[30],11.0
2064,[30],12.0
2065,[30],12.5
2066,[30],13.0
2067,[30],13.5
2068,[30],14.0
2069,[31],0.0
2070,[31],0.5
2071,[31],1.0
2072,[31],1.5
2073,[31],2.0
2074,[31],2.5
2075,[31],3.0
2076,[31],3.5
2077,[31],4.0
2078,[31],4.5
2079,[31],5.0
2080,[31],5.5
2081,[31],6.0
2082,[31],6.5
2083,[31],7.0
2084,[31],7.5
2085,[31],8.0
2086,[31],8.5
2087,[31],9.0
2088,[31],9.5
2089,[31],10.0
2090,[31],10.5
2091,[31],11.0
2092,[31],11.5
2093,[31],12.0
2094,[31],12.5
2095,[31],13.0
2096,[31],13.5
2097,[31],14.0
2098,[31],14.5
2099,[31],15.0
2100,[31],15.5
2101,[31],16.0
2102,[31],16.5
2103,[31],17.0
2104,[31],17.5
2105,[31],18.0
2106,[31],18.5
2107,[31],19.0
2108,[31],19.5
2109,[31],20.0
2110,[31],20.5
2111,[31],21.0
2112,[31],21.5
2113,[31],22.0
2114,[31],22.5
2115,[31],23.0
2116,[31],23.5
2117,[31],24.0
2118,[31],24.5
2119,[31],25.0
2120,[31],25.5
2121,[31],26.0
2122,[31],26.5
2123,[31],27.0
2124,[31],27.5
2125,[31],28.0
2126,[31],28.5
2127,[31],29.0
2128,[31],29.5
2129,[31],30.0
2130,[31],30.5
2131,[31],31.0
2132,[31],31.5
2133,[31],32.0
2134,[31],32.5
2135,[31],33.0
2136,[31],33.5
2137,[31],34.0
2138,[31],34.5
2139,[31],35.0
2140,[31],35.5
2141,[31],36.0
2142,[31],36.5
2143,[31],37.0
2144,[31],37.5
2145,[31],38.0
2146,[31],38.5
2147,[31],39.0
2148,[31],39.5
2149,[31],40.0
2150,[31],40.5
2151,[31],41.0
2152,[31],41.5
2153,[31],42.0
2154,[31],42.5
2155,[31],43.0
2156,[31],43.5
2157,[31],44.0
2158,[31],44.5
2159,[31],45.0
2160,[31],45.5
2161,[31],46.0
2162,[31],46.5
2163,[31],47.0
2164,[31],47.5
2165,[31],48.0
2166,[31],48.5
2167,[31],49.0
2168,[31],49.5
2169,[31],50.0
2170,[31],50.5
2171,[31],51.0
2172,[31],51.5
2173,[31],52.0
2174,[31],52.5
2175,[31],53.0
2176,[31],53.5
2177,[31],54.0
2178,[31],54.5
2179,[31],55.0
2180,[31],55.5
2181,[31],56.0
2182,[31],56.5
2183,[31],57.0
2184,[31],57.5
2185,[31],58.0
2186,[31],58.5
2187,[31],59.0
2188,[31],59.5
2189,[31],60.0
2190,[31],60.5
2191,[31],61.0
2192,[31],61.5
2193,[31],62.0
2194,[31],62.5
2195,[31],63.0
2196,[31],63.5
2197,[31],64.0
2198,[31],64.5
2199,[31],65.0
2200,[31],65.5
2201,[31],66.0
2202,[31],66.5
2203,[31],67.0
2204,[31],67.5
2205,[31],68.0
2206,[31],68.5
2207,[31],69.0
2208,[31],69.5
2209,[31],70.0
2210,[31],70.5
2211,[31],71.0
2212,[31],71.5
2213,[31],72.0
2214,[31],72.5
2215,[31],73.0
2216,[31],73.5
2217,[31],74.0
2218,[31],74.5
2219,[31],75.0
2220,[31],75.5
2221,[31],76.0
2222,[31],76.5
2223,[31],77.0
2224,[31],77.5
2225,[31],78.0
2226,[31],78.5
2227,[31],79.0
2228,[31],79.5
2229,[31],80.0
2230,[31],80.5
2231,[31],81.0
2232,[31],81.5
2233,[31],82.0
2234,[31],82.5
2235,[31],83.0
2236,[31],83.5
2237,[31],84.0
2238,[31],84.5
2239,[31],85.0
2240,[31],85.5
2241,[31],86.0
2242,[31],86.5
2243,[31],87.0
2244,[31],87.5
2245,[31],88.0
2246,[31],89.0
2247,[31],89.5
2248,[31],90.0
2249,[31],90.5
2250,[31],91.0
2251,[31],91.5
2252,[31],92.0
2253,[31],92.5
2254,[31],93.0
2255,[31],93.5
2256,[31],94.0
2257,[31],94.5
2258,[31],95.0
2259,[31],95.5
2260,[31],96.0
2261,[31],96.5
2262,[31],97.0
2263,[31],97.5
2264,[31],98.0
2265,[31],98.5
2266,[31],99.0
2267,[31],99.5
2268,[31],100.0
2269,[31],100.5
2270,[31],101.0
2271,[31],101.5
2272,[32],0.0
2273,[32],0.5
2274,[32],1.0
2275,[32],1.5
2276,[32],2.0
2277,[32],2.5
2278,[32],5.5
2279,[32],6.0
2280,[32],6.5
2281,[32],7.0
2282,[32],7.5
2283,[32],8.0
2284,[32],8.5
2285,[32],9.0
2286,[32],9.5
2287,[32],10.5
2288,[32],11.0
2289,[32],11.5
2290,[32],12.0
2291,[32],12.5
2292,[32],13.0
2293,[32],13.5
2294,[32],14.0
2295,[32],14.5
2296,[32],15.0
2297,[32],15.5
2298,[32],16.5
2299,[32],17.0
2300,[32],17.5
2301,[32],18.0
2302,[32],18.5
2303,[32],19.0
2304,[32],19.5
2305,[34],0.0
2306,[34],0.5
2307,[34],1.0
2308,[34],1.5
2309,[34],2.0
2310,[34],2.5
2311,[34],3.0
2312,[34],3.5
2313,[34],4.0
2314,[34],4.5
2315,[34],5.0
2316,[34],5.5
2317,[34],6.0
2318,[34],6.5
2319,[34],7.0
2320,[34],7.5
2321,[34],8.0
2322,[34],8.5
2323,[34],9.0
2324,[34],9.5
2325,[34],10.0
2326,[34],10.5
2327,[34],11.0
2328,[34],11.5
2329,[34],12.0
2330,[34],12.5
2331,[34],13.0
2332,[34],13.5
2333,[34],14.0
2334,[35],0.0
2335,[35],0.5
2336,[35],1.0
2337,[35],1.5
2338,[35],2.0
2339,[35],2.5
2340,[35],3.0
2341,[35],3.5
2342,[35],4.0
2343,[35],4.5
2344,[35],5.0
2345,[35],5.5
2346,[35],6.0
2347,[35],6.5
2348,[35],7.0
2349,[35],7.5
2350,[35],12.5
2351,[35],13.0
2352,[35],14.0
2353,[35],14.5
2354,[35],15.0
2355,[35],15.5
2356,[35],16.0
2357,[35],16.5
2358,[35],17.0
2359,[35],17.5
2360,[35],18.0
2361,[35],18.5
2362,[36],0.0
2363,[36],0.5
2364,[36],1.0
2365,[36],1.5
2366,[36],3.0
2367,[36],3.5
2368,[36],4.0
2369,[36],4.5
2370,[36],5.0
2371,[36],6.0
2372,[36],6.5
2373,[36],7.0
2374,[36],7.5
2375,[36],8.0
2376,[36],8.5
2377,[36],9.0
2378,[36],9.5
2379,[37],0.0
2380,[37],0.5
2381,[37],1.0
2382,[37],1.5
2383,[37],2.0
2384,[37],2.5
2385,[37],3.0
2386,[37],3.5
2387,[37],4.0
2388,[37],4.5
2389,[37],5.5
2390,[37],6.0
2391,[37],10.5
2392,[37],11.5
2393,[37],13.0
2394,[37],14.5
2395,[37],17.0
2396,[38],0.0
2397,[38],0.5
2398,[38],1.0
2399,[38],1.5
2400,[38],3.0
2401,[38],3.5
2402,[38],4.0
2403,[38],4.5
2404,[38],5.0
2405,[38],5.5
2406,[38],6.0
2407,[38],6.5
2408,[38],7.0
2409,[38],7.5
2410,[38],8.0
2411,[38],8.5
2412,[38],9.0
2413,[38],9.5
2414,[38],10.0
2415,[38],10.5
2416,[38],11.0
2417,[38],11.5
2418,[38],12.0
2419,[38],12.5
2420,[38],13.0
2421,[38],13.5
2422,[38],14.0
2423,[38],14.5
2424,[38],15.0
2425,[38],15.5
2426,[38],16.0
2427,[38],16.5
2428,[38],17.0
2429,[38],17.5
2430,[38],18.0
2431,[38],18.5
2432,[38],19.0
2433,[38],19.5
2434,[38],20.0
2435,[38],20.5
2436,[38],21.0
2437,[38],21.5
2438,[38],22.0
2439,[38],22.5
2440,[38],23.0
2441,[39],0.0
2442,[39],0.5
2443,[39],1.5
2444,[39],2.0
2445,[39],2.5
2446,[39],3.0
2447,[39],3.5
2448,[39],4.0
2449,[39],4.5
2450,[39],5.0
2451,[39],5.5
2452,[39],6.0
2453,[39],6.5
2454,[39],7.0
2455,[39],7.5
2456,[39],8.0
2457,[39],8.5
2458,[39],9.0
2459,[39],9.5
2460,[39],10.0
2461,[39],10.5
2462,[39],11.0
2463,[39],11.5
2464,[39],12.0
2465,[39],12.5
2466,[39],13.0
2467,[40],0.0
2468,[40],0.5
2469,[40],1.0
2470,[40],1.5
2471,[40],2.0
2472,[40],2.5
2473,[40],3.0
2474,[40],3.5
2475,[40],4.0
2476,[40],4.5
2477,[40],5.0
2478,[40],5.5
2479,[40],6.0
2480,[40],6.5
2481,[40],7.0
2482,[40],7.5
2483,[40],8.0
2484,[40],8.5
2485,[40],9.0
2486,[40],9.5
2487,[40],10.0
2488,[40],10.5
2489,[40],11.0
2490,[40],11.5
2491,[40],12.0
2492,[40],12.5
2493,[40],13.0
2494,[40],13.5
2495,[40],14.0
2496,[40],14.5
2497,[40],15.0
2498,[40],15.5
2499,[40],16.0
2500,[40],16.5
2501,[40],17.0
2502,[40],17.5
2503,[40],18.0
2504,[40],18.5
2505,[40],19.0
2506,[40],19.5
2507,[40],20.0
2508,[40],20.5
2509,[40],21.0
2510,[41],1.5
2511,[41],2.5
2512,[41],4.0
2513,[41],6.5
2514,[41],7.0
2515,[41],9.0
2516,[41],9.5
2517,[41],13.0
2518,[41],17.5
