2.866716495615272420e-01,5.636292631902528605e-01,4.307542728122229492e-01,1.966114417147075688e+00
2.579340734019631154e-01,5.738915714977678162e-01,3.773329193816544191e-01,2.224954477431208666e+00
2.583039126881513936e-01,6.320990899358630566e-01,4.045240721375059634e-01,2.447113879761442679e+00
2.707298097705597706e-01,6.389646798289914109e-01,3.888580156629642404e-01,2.360156350608402676e+00
2.570520285207643085e-01,7.200308194083865354e-01,3.992028608460346240e-01,2.801109267847008866e+00
2.352955059100242385e-01,8.745885598677188844e-01,4.009009068025187750e-01,3.716979448821929211e+00
2.288604710946246235e-01,5.759452202845848356e-01,3.371255016482739841e-01,2.516577972289738785e+00
2.528520779891897385e-01,5.098402582509264924e-01,3.854396259356603904e-01,2.016357794270228876e+00
2.908405920713380000e-01,1.450126832530154841e+00,4.969524716501415584e-01,4.985985010560233910e+00
7.708776541989592612e-02,9.261212106448301062e-01,2.159535947260740885e-01,1.201385467071540347e+01
3.346978413420404475e-01,3.849632726786744175e-01,4.642787296858733592e-01,1.150181522339923879e+00
3.075309506925779646e-01,3.892925282693872613e-01,3.977640616304939369e-01,1.265864549219118729e+00
2.803958093747921376e-01,4.713275127825474753e-01,3.618728019665082840e-01,1.680936365751978023e+00
2.514549104400941593e-01,5.086766188724610727e-01,3.515609005778195240e-01,2.022933725900121438e+00
2.881991701417646046e-01,5.529925466228534647e-01,3.877862385130961265e-01,1.918786047686527052e+00
2.531605741062367132e-01,5.860554840483033212e-01,3.848199752001502105e-01,2.314955581521039196e+00
2.845743787468674735e-01,6.967109094671608549e-01,4.656525259657037785e-01,2.448255927097688911e+00
2.566835796275389048e-01,8.338972450995478791e-01,3.899803682500045943e-01,3.248736231236823535e+00
1.212153950475878261e-01,7.452331484953874652e-01,2.857715112251659195e-01,6.148007422677764566e+00
1.152809378538938168e-01,6.612342102756325612e-01,2.711002805993596443e-01,5.735850372016193965e+00
3.011050861252342337e-01,1.324874215983386838e+00,4.626440663495954286e-01,4.400039311964166977e+00
1.484353561111672326e-01,6.717018921758838301e-01,2.611403733101623770e-01,4.525214947258443310e+00
3.631865965512752759e-01,3.627768563695206727e-01,4.732954745136677688e-01,9.988718190989276380e-01
3.162277660168379412e-01,3.840027060502647083e-01,4.360003280580309060e-01,1.214323178786957058e+00
2.765730166123415712e-01,5.485528899585933038e-01,3.899161104638830810e-01,1.983392655862275200e+00
2.517650566186914740e-01,5.647464967745676745e-01,3.801796490181014176e-01,2.243148848213274871e+00
2.860902828111481222e-01,6.605175361187420879e-01,4.211290099245255103e-01,2.308773054535229630e+00
2.485142238698880290e-01,9.491675363506872909e-01,4.094888676983360343e-01,3.819369054898173133e+00
4.293567756382357103e-01,3.134460203022397806e+00,6.250564982404043235e-01,7.300362730652254051e+00
3.479920052520941165e-01,2.912927825204648880e+00,6.085726144138564608e-01,8.370674559303312279e+00
2.506696013523491140e-01,5.224072779413291290e-01,3.845812012780980282e-01,2.084047188502194725e+00
2.053037534745214832e-01,2.872723789732912203e-01,3.515580133563807608e-01,1.399255367286512675e+00
2.693057690982957331e-01,5.150923940730911532e-01,4.077658343018648601e-01,1.912667507264146582e+00
2.596837292291497290e-01,2.228551761350885674e-01,3.627322124312983287e-01,8.581792043599197894e-01
2.967506786574513056e-01,4.507446413517492423e-01,3.923629371560736212e-01,1.518933818082546017e+00
2.975499796087611726e-01,4.594889500212204769e-01,3.771013530068851871e-01,1.544241241842421175e+00
2.517650566186914740e-01,6.195489700194830585e-01,3.338586989175079678e-01,2.460821920008603225e+00
3.140885521026847149e-01,4.676370330519125096e-01,5.061765592514017031e-01,1.488870033375263802e+00
2.815659951971823949e-01,7.199643212362756284e-01,4.279020583277440282e-01,2.557000253997575800e+00
3.086974532565159302e-01,1.569796142114584736e+00,5.500077046961978633e-01,5.085225438546600252e+00
2.644342579139057903e-01,7.000328148073091672e-01,4.142195085695962176e-01,2.647284887857552338e+00
3.292764952306457826e-01,4.828416869684681312e-01,4.466271656698522774e-01,1.466371556919833230e+00
3.292764952306457826e-01,5.153471216826172041e-01,4.442468980298522885e-01,1.565089306850268702e+00
2.658972686321981471e-01,6.443723656762734286e-01,4.271418680976927229e-01,2.423388434905663580e+00
2.913799148891567659e-01,6.119603033237015488e-01,3.624590252327977158e-01,2.100214435015179681e+00
3.247993817380424031e-01,5.617166140360179138e-01,4.517190445742322313e-01,1.729426364761538437e+00
2.626105206121299163e-01,5.306388082839310627e-01,4.413837961279157840e-01,2.020630426561139892e+00
2.904795822193285137e-01,5.735549516001979820e-01,4.117402692851207524e-01,1.974510384578877398e+00
3.412068016497177281e-01,6.470529134708321584e-01,4.750317813583747606e-01,1.896365812001296058e+00
3.440299655508302079e-01,5.356097721796145850e-01,4.907532283444897003e-01,1.556869534088531459e+00
2.719290486525116624e-01,5.531211925949752750e-01,4.400397948185025276e-01,2.034064383102332396e+00
2.940056523892051188e-01,6.806369405208434475e-01,4.313618607200308541e-01,2.315047125760069768e+00
2.770043064936733579e-01,6.816054786022066603e-01,3.965463025948297027e-01,2.460631342631397711e+00
3.024301706080511631e-01,6.448090326015837315e-01,4.832428424543107615e-01,2.132092282013935858e+00
2.862076226940069579e-01,5.810713662570122784e-01,4.016896355045849742e-01,2.030244201001777160e+00
2.237884437309354824e-01,5.609337429988869861e-01,3.504958382127862926e-01,2.506535787313963315e+00
2.439594767413408305e-01,6.123930581152954300e-01,4.003149531912816861e-01,2.510224510624721628e+00
3.093052861313833057e-01,5.601832822697525582e-01,4.464971877494650077e-01,1.811101547200211881e+00
2.192387982196197238e-01,5.486706671943570868e-01,3.968493878078932502e-01,2.502616652024944432e+00
3.147791632063177691e-01,6.206379989868753277e-01,4.448690554962473898e-01,1.971661633079844211e+00
3.006182987886223956e-01,5.659211257318513821e-01,4.371665054649860882e-01,1.882523878327762024e+00
2.794925277442149580e-01,5.641003411989528038e-01,3.901982330246376862e-01,2.018302048186434217e+00
3.157674062415743443e-01,6.366053770502430043e-01,4.421182141020572609e-01,2.016057909926318281e+00
2.594432569991632631e-01,5.738041080252644921e-01,3.372152551355763750e-01,2.211674778763339067e+00
2.789943329851662379e-01,6.537269024663819872e-01,4.027656734327397237e-01,2.343154771180028906e+00
2.998277396620274149e-01,6.774919017544740463e-01,3.758894550915757859e-01,2.259603806232732826e+00
3.126948648605564762e-01,4.366836398872872005e-01,4.470258850309096199e-01,1.396516825058903510e+00
2.221421341344569644e-01,3.944527034255149722e-01,3.197212305829632006e-01,1.775677113044942690e+00
2.455503373601522488e-01,5.530085322427341632e-01,3.494886652541376870e-01,2.252118804592104784e+00
2.921785610400432498e-01,4.099936633790075002e-01,4.288516983117558468e-01,1.403229798653220284e+00
2.167168488022258865e-01,5.247220327108406135e-01,3.686315975068218398e-01,2.421233215649503556e+00
2.773500981126145737e-01,4.535543185166593938e-01,3.906239228542128239e-01,1.635313351619941624e+00
2.888647925280239948e-01,5.364920016918300893e-01,4.234168194110142780e-01,1.857242611661588105e+00
2.349335622728972450e-01,6.092997271327461606e-01,3.471896639333148515e-01,2.593498013812891134e+00
2.026070137477532784e-01,7.239209048248494982e-01,3.353081302936317121e-01,3.573029834624257273e+00
2.202145781282351111e-01,1.039072726592100038e+00,3.476818098279231828e-01,4.718455678202323256e+00
2.256470466403742714e-01,1.098181555350917549e+00,3.918238687594776670e-01,4.866811118078349985e+00
3.775641800477664844e-01,1.612451549659709826e+00,6.605234175062498769e-01,4.270668762740456259e+00
2.489810484700173965e-01,1.908421993936186833e+00,4.387398096662128988e-01,7.664928739208844988e+00
3.005431769568926437e-01,1.515712053571453222e+00,4.760352029510552252e-01,5.043242268610390155e+00
2.549653622102727724e-01,6.640982927627075982e-01,4.356492727919523689e-01,2.604660833164539113e+00
2.426540819280887384e-01,5.542575741685856761e-01,4.203409288774258568e-01,2.284146921265645780e+00
1.662426705620739520e-01,6.443378684695495462e-01,2.633032462011613561e-01,3.875887377717250448e+00
1.555088632070459054e-01,9.882732101113711476e-01,2.994853255391811686e-01,6.355092499104538106e+00
1.806424221302702082e-01,6.335110913751414996e-01,3.342231738374286665e-01,3.506989575894222888e+00
1.636816867419255694e-01,6.999520597198355398e-01,2.607817325205882830e-01,4.276300383093188273e+00
2.720096401397100183e-01,8.696637323870765046e-01,4.457988262990781325e-01,3.197179820319597798e+00
2.304241582983625747e-01,8.894442709417555992e-01,3.817395219821351771e-01,3.860030465165319224e+00
2.222459676896883229e-01,8.109971865779747047e-01,4.006651549202749907e-01,3.649097416742931532e+00
1.809509625441582670e-01,7.979294819672176908e-01,3.194650762364381613e-01,4.409644860399652977e+00
1.915808044993630999e-01,7.321376269405546200e-01,3.439707443898203376e-01,3.821560457759684226e+00
2.757041966052955484e-01,5.614193358003503054e-01,4.086916861791433098e-01,2.036310446895703397e+00
2.271207104765597951e-01,4.667552060833140004e-01,3.897626517660517931e-01,2.055097507857989392e+00
2.289101866175067279e-01,4.743073794988584280e-01,3.395863546111232423e-01,2.072023908186286345e+00
2.161850167731326489e-01,5.937838589743067441e-01,3.370415815479793631e-01,2.746646681797708656e+00
2.069047408437109936e-01,6.349974384128160843e-01,3.036475260354900563e-01,3.069032811058071353e+00
3.290161606774477665e-01,6.247129735784334725e-01,5.032285395716121768e-01,1.898730361123121879e+00
2.268481472020950351e-01,6.469760286528212223e-01,3.571688038873069293e-01,2.852022538568241394e+00
2.559102254056101478e-01,7.065024532001552560e-01,3.931955872144893283e-01,2.760743350838637866e+00
2.474705125258506999e-01,5.988677467730250115e-01,3.662391036665390009e-01,2.419955980454307376e+00
2.118275160489460629e-01,7.544995171705408676e-01,3.678714223187325993e-01,3.561857926881425218e+00
2.289907583888788345e-01,7.042588384757798581e-01,4.054103857190184956e-01,3.075490222534600360e+00
3.344950566568973827e-01,6.825984134609499598e-01,5.281132478160019961e-01,2.040683112878148187e+00
2.616561603453286811e-01,5.993263757412726767e-01,4.045063526294937484e-01,2.290511237917324028e+00
2.709947532471159715e-01,5.034286115950076246e-01,4.023688059352963919e-01,1.857706119999817052e+00
2.700922630041739381e-01,4.625998067713343875e-01,4.161202269542540466e-01,1.712747346502796697e+00
2.416520615625813162e-01,5.266479690603073083e-01,3.474177961930201008e-01,2.179364685138097890e+00
2.432377218023553667e-01,4.865223004859293710e-01,3.488492686934289710e-01,2.000192638217754393e+00
2.227094617949737509e-01,5.350708157560188916e-01,3.493973539671730300e-01,2.402550890489802971e+00
2.336837112657804694e-01,5.738095918983556754e-01,3.760068318179130009e-01,2.455496742970384449e+00
2.081155974712804169e-01,5.903832132861390747e-01,3.588505922853978958e-01,2.836804259073426149e+00
1.702297827183109624e-01,7.891754731750980634e-01,3.210700383453876650e-01,4.635942433651532468e+00
2.845396297095951765e-01,6.773014765519952407e-01,4.335310964888697827e-01,2.380341456278894707e+00
2.691423083217834300e-01,7.202561654090479104e-01,4.286148339194839063e-01,2.676116474961335090e+00
1.812498583986034417e-01,7.624543895150676098e-01,3.580464027009195305e-01,4.206648194109388506e+00
2.376305623015193824e-01,5.722530193392511011e-01,3.766313571216085565e-01,2.408162543558447943e+00
2.362075176964293921e-01,5.576581918698384488e-01,4.350455961608835631e-01,2.360882487180331779e+00
2.364115651957420794e-01,5.372923082799578864e-01,3.244738533798360303e-01,2.272698917394735396e+00
1.998208174096730849e-01,5.567890429700902422e-01,3.558566057908624236e-01,2.786441623990357996e+00
1.951001686228749366e-01,5.566667885095379908e-01,3.389895417298487423e-01,2.853235814396269276e+00
2.977440143421239971e-01,5.757123927854939094e-01,4.319024940072269114e-01,1.933581751618251410e+00
3.297528499805201241e-01,6.419602266532841162e-01,5.053750321799632683e-01,1.946792049534090019e+00
2.392793792504000205e-01,5.029973821234196008e-01,3.405098933728176736e-01,2.102134265389601797e+00
3.438921158556372260e-01,4.806129834545049828e-01,5.201549634225288710e-01,1.397569066853111330e+00
2.343565102106143772e-01,5.250470422662358860e-01,4.033562026133597489e-01,2.240377456527152589e+00
1.844305875137567940e-01,6.459855240617218275e-01,2.818930257751033341e-01,3.502594297236825582e+00
1.367709155269059840e-01,9.968225380747532949e-01,2.543345100771882694e-01,7.288263986787859139e+00
3.223854520904267384e-01,1.627809806881957533e+00,5.379478397578396631e-01,5.049265704537340582e+00
2.988840824176186017e-01,9.948353431339714836e-01,5.040037665324298422e-01,3.328498911975942498e+00
3.081935950850618333e-01,4.699412854324491740e-01,4.709548159307607174e-01,1.524824957192068675e+00
3.063394258724199126e-01,4.433504629833185939e-01,4.689844540833172370e-01,1.447252379352435003e+00
2.343041807007906208e-01,5.685116942444182753e-01,3.802238239348010862e-01,2.426383057033091539e+00
3.513038775380701306e-01,5.810848638604738658e-01,4.937840431381349537e-01,1.654080415885824662e+00
2.728279451869480288e-01,5.169971805549958832e-01,4.000479221592576629e-01,1.894956838826526546e+00
2.894881420152570217e-01,5.251776551235347590e-01,4.149015157381842345e-01,1.814159472880433555e+00
2.994247358081711385e-01,5.352443241048768785e-01,4.683833833062842622e-01,1.787575507615327686e+00
2.693975082399940324e-01,5.080216086026915212e-01,4.085471025109519982e-01,1.885769515544732045e+00
2.228213212635046236e-01,5.809961799237348679e-01,3.431756147944217683e-01,2.607453257296948212e+00
2.435490094989373189e-01,5.051459331649651441e-01,3.779629128984458020e-01,2.074103829057737158e+00
2.057943136717121091e-01,7.871902618092354587e-01,3.600903274105065610e-01,3.825131257343580948e+00
1.507703172762106802e-01,7.687712632366617838e-01,2.923796491478402593e-01,5.098956327247594622e+00
2.304091677241199287e-01,5.688630329126619367e-01,3.775752048333215760e-01,2.468925340652196709e+00
2.743350310012757087e-01,6.545204892050817680e-01,4.336597062945202752e-01,2.385843640953160261e+00
3.912877055660090586e-01,6.089532440607536845e-01,5.655362251646637306e-01,1.556280034865611395e+00
2.534556219818080991e-01,5.170999257160842077e-01,3.578169496862050325e-01,2.040199075770350312e+00
2.977595481552583467e-01,3.758941754970602234e-01,4.269795188659330498e-01,1.262408469605350136e+00
2.399672680160180038e-01,4.280512967751452513e-01,3.508234685676825393e-01,1.783790349051156854e+00
2.245707322461107935e-01,4.197585157657798827e-01,2.926195702886486005e-01,1.869159491833332742e+00
3.884449622205318198e-01,3.606924034423100167e-01,5.527758313631402354e-01,9.285547208037522315e-01
2.968760947211269707e-01,4.633565925381361583e-01,3.996265022282955437e-01,1.560774345854266443e+00
2.587447624202777186e-01,5.528302648871060709e-01,3.732352982554607013e-01,2.136585334968623684e+00
2.506927169600123850e-01,4.122359403955033752e-01,3.969683380461120903e-01,1.644387381470114651e+00
2.712223148343314572e-01,4.472135954999579832e-01,4.304341776051696100e-01,1.648882009480399313e+00
2.819586087180588341e-01,5.840407266404816777e-01,4.255632199526253601e-01,2.071370437298782008e+00
2.435097075292326219e-01,6.552033516090097764e-01,4.096254421405446933e-01,2.690666250052287989e+00
2.721410803017270119e-01,5.245857973219467674e-01,3.717512089530163322e-01,1.927624439281017121e+00
2.581791994494365694e-01,4.816710720503025733e-01,3.351224186079584388e-01,1.865646314952789320e+00
2.439026267379022228e-01,5.845327950249706861e-01,4.235095812859090425e-01,2.396582615131527927e+00
2.641048678375119141e-01,4.731557930474718510e-01,3.802119501320775918e-01,1.791545142358286880e+00
2.992261510131652980e-01,4.727483767634356182e-01,4.062888297792830450e-01,1.579903277713971432e+00
3.076239994525615251e-01,3.855907855821076868e-01,4.340554532366132090e-01,1.253448320899193558e+00
3.082150163268173593e-01,4.519384537888670450e-01,4.359650068835331238e-01,1.466309004586758391e+00
3.303726937841373612e-01,3.603018792888360022e-01,4.861176766476461020e-01,1.090592188966604148e+00
3.173723705609666768e-01,3.896470422295646996e-01,4.112719042102870315e-01,1.227728303950498479e+00
3.173723705609666768e-01,3.991140631426435825e-01,4.112719042102870315e-01,1.257557683541247195e+00
3.186909673607800642e-01,3.041057235329620578e-01,4.976658647024749249e-01,9.542338964025092185e-01
2.433675416408871139e-01,3.453708814472262190e-01,3.501081950343579163e-01,1.419132884848116394e+00
2.939905160189273392e-01,3.682527387211082526e-01,4.976485833212717091e-01,1.252600742730761496e+00
2.978593861998958814e-01,3.962432847289412696e-01,4.205277067987003292e-01,1.330303166820531624e+00
2.574307516367687620e-01,4.734320764739993193e-01,4.081490748919975320e-01,1.839065742782763690e+00
2.633614616461483204e-01,7.080384110783072282e-01,4.103858478319165060e-01,2.688466287560423496e+00
2.812204959107025282e-01,6.658703748260177413e-01,4.533856559771405337e-01,2.367787499519434569e+00
2.515384760593726843e-01,4.949408479333869959e-01,3.588881016874873042e-01,1.967654633546249476e+00
2.922966807942675160e-01,4.265738206029254243e-01,4.490747529430199059e-01,1.459386468035771545e+00
2.574307516367687620e-01,4.285889223538540405e-01,3.761065444041837291e-01,1.664870725928606632e+00
2.702702702702702853e-01,3.225645525099090638e-01,3.979775958594579111e-01,1.193488844286663575e+00
3.195816569578754929e-01,4.089456636245537569e-01,4.697117141101300186e-01,1.279628084782279851e+00
3.286087263518561730e-01,3.250977232864648570e-01,4.439976567332704072e-01,9.893155513416526103e-01
3.303726937841373612e-01,3.903314345173099498e-01,4.398910222647808288e-01,1.181488185498614785e+00
2.569300914556814641e-01,5.338879853416096388e-01,3.924273205061324377e-01,2.077950396221694973e+00
2.569428091807069436e-01,6.504522981789442326e-01,3.904355091695844160e-01,2.531506136532832407e+00
3.010873038631801668e-01,5.681766593827479728e-01,4.136199610094390966e-01,1.887082756704142827e+00
3.144527263125526106e-01,4.718306229963313836e-01,4.413812500057537336e-01,1.500481896052482833e+00
1.858235365617915968e-01,6.098677387204337608e-01,3.097001058285543951e-01,3.281972510073477345e+00
2.542788197223714297e-01,1.245162312531726156e+00,3.800942448224066128e-01,4.896838493631630485e+00
2.098605507883796739e-01,1.160470387000595682e+00,3.153124564642856287e-01,5.529721439503878955e+00
2.401812615829873876e-01,1.283212615034864612e+00,3.752928304499398848e-01,5.342684131882158738e+00
2.208298465983633274e-01,1.241835664021384122e+00,3.480552606398417126e-01,5.623495569781317371e+00
1.655211777204736168e-01,1.406443099375449979e+00,5.188099688205023430e-01,8.497058314499199128e+00
3.244773588246664398e-01,1.954955941087023197e+00,4.503578267971943272e-01,6.024937912982079702e+00
1.663780661615406053e-01,1.802775637731994562e+00,4.040155191259280354e-01,1.083541646638466638e+01
2.838231060987733145e-01,1.379007632270937034e+00,4.036854940718294649e-01,4.858686987207547325e+00
2.890892584553539923e-01,1.748949264390412317e+00,3.913968567446911018e-01,6.049859042619925908e+00
2.800547540091422039e-01,2.150032908918829033e+00,3.725720280317927346e-01,7.677187686121702548e+00
3.315369022463357518e-01,1.712895254323586469e+00,5.340778727606186882e-01,5.166529706701806113e+00
3.387283645546436128e-01,1.572144062418701749e+00,4.723733738198858667e-01,4.641312115936141680e+00
2.953782695928239832e-01,1.634382521223515017e+00,4.104455348917699364e-01,5.533184697291696708e+00
3.028912664076913175e-01,2.071045815338417473e+00,5.613500091418334170e-01,6.837588418778612009e+00
2.306058967271835680e-01,2.246623825206921499e+00,4.127445152068567880e-01,9.742265298032563692e+00
2.563745623460412237e-01,1.756307314969503208e+00,3.981941011925412832e-01,6.850552172172720056e+00
3.385010979246450002e-01,1.699056341864562336e+00,5.407993483961488490e-01,5.019352528784989609e+00
2.773500981126145737e-01,1.742368806138291148e+00,3.752803625238057550e-01,6.282200071300583666e+00
3.166890774818322263e-01,1.560512736250492694e+00,4.330498361683233766e-01,4.927586226399033542e+00
2.718054043413625220e-01,1.572144062418701749e+00,4.438661081162832978e-01,5.784079482261632599e+00
2.942735822481294394e-01,1.800106834436394188e+00,4.492792616616860246e-01,6.117120064547814984e+00
3.224903099319419986e-01,1.744196726926817265e+00,3.712113929777344223e-01,5.408524452393346671e+00
2.280350850198275825e-01,1.696277834131554529e+00,4.443388338735019261e-01,7.438670386989193695e+00
3.078545147305060681e-01,1.533368681105467868e+00,4.735979278652580060e-01,4.980822459101401201e+00
3.616202853397895156e-01,2.542712059078773734e+00,5.130094572830259381e-01,7.031441990842862921e+00
3.017766952966369209e-01,2.406369406057921267e+00,5.034699543231245800e-01,7.974006752551042965e+00
3.159673645249243545e-01,2.191178182999501178e+00,4.793135003986879750e-01,6.934824380657373943e+00
2.367160382369996596e-01,1.787369649928834736e+00,4.858736667309725421e-01,7.550690959686151338e+00
2.877543184223316231e-01,1.499711621644936654e+00,3.955798794087652670e-01,5.211777984314514889e+00
2.806027600245042941e-01,1.579313385376939660e+00,4.511528724770041410e-01,5.628288849471838162e+00
3.039024315435616685e-01,1.536341377294189403e+00,4.877313118557256577e-01,5.055377048123317785e+00
2.958283749829466180e-01,1.637355750025044854e+00,3.881550191530986904e-01,5.534816429017102024e+00
2.552138311629255085e-01,1.628304684875957253e+00,3.316113859377026740e-01,6.380158463419902226e+00
3.178485246529643149e-01,1.624317796645185386e+00,4.467177181908771333e-01,5.110351852092627212e+00
2.150891563880651114e-01,1.676688416699002149e+00,3.970083844473385470e-01,7.795318205971812020e+00
2.076136996343499186e-01,1.682818388673490428e+00,3.628398573527529813e-01,8.105526714457075954e+00
3.376728401302087623e-01,1.525368954985328873e+00,4.797804946344512156e-01,4.517298324606554338e+00
2.563745623460412237e-01,1.640341930660963232e+00,4.153252065855658759e-01,6.398224206217908439e+00
2.510506830374014675e-01,1.247469348433418945e+00,3.755514613081417097e-01,4.968994042719139692e+00
2.677551189313173707e-01,1.224964576276555306e+00,3.675337536082326495e-01,4.574943631948917400e+00
2.306094312422030390e-01,1.240201927362258205e+00,3.591727471418246775e-01,5.377932379789387873e+00
1.452959329417405909e-01,1.112617731124838194e+00,3.549518669525071335e-01,7.657597212793047170e+00
1.499893717616196942e-01,7.647467195917572180e-01,3.023270910311360304e-01,5.098672730006366116e+00
1.280859752887555103e-01,7.550953538376562468e-01,2.990050529696793302e-01,5.895222737191782691e+00
1.982239411493821324e-01,7.381333803416169070e-01,3.889446972999698326e-01,3.723734762116133634e+00
3.539535556184791321e-01,1.162287734988486143e+00,5.040723689499063687e-01,3.283729507837738648e+00
3.321595969300736306e-01,1.675616993137843513e+00,5.414932150190101545e-01,5.044614121116588024e+00
1.472958169144256979e-01,1.109561931306018545e+00,3.201417257629198820e-01,7.532881479931229585e+00
1.561737618886060441e-01,7.329893163004568279e-01,3.600490530572029724e-01,4.693421656982788015e+00
2.260100663648232644e-01,1.036932667919265194e+00,3.243050303715905303e-01,4.587993289845146094e+00
2.400189118061838989e-01,1.088124473527029901e+00,4.149065904021586593e-01,4.533494737305092670e+00
2.953002654925289683e-01,9.769042877715442552e-01,3.976670291798186652e-01,3.308172737813741549e+00
1.514456332038456587e-01,1.000000000000000000e+00,3.543250411422264046e-01,6.603029607687671110e+00
2.592148822860445567e-01,9.900258727596260577e-01,3.776680017652879195e-01,3.819324970960304988e+00
2.403700850309326009e-01,9.422936533235272138e-01,3.778284167857762776e-01,3.920178558002614722e+00
2.403700850309326009e-01,8.418875126545655174e-01,3.954306267632839433e-01,3.502463763517932094e+00
2.497421350525749206e-01,8.592295039122802569e-01,3.919858409727548509e-01,3.440466718727290374e+00
1.662056238286334364e-01,9.414449385772751810e-01,2.198203582264111333e-01,5.664338648058945935e+00
1.243796487762486441e-01,1.037781841449578524e+00,2.292678311785857070e-01,8.343662742740852067e+00
1.243796487762486441e-01,1.080740486888503771e+00,2.334731938979215105e-01,8.689045977551275612e+00
9.984507974857616264e-02,1.082795112417142658e+00,2.672134135440284997e-01,1.084475184098977962e+01
1.131464634638485595e-01,1.106197065540258428e+00,2.847435109815215637e-01,9.776682643675377093e+00
1.601807803891841242e-01,1.241550667013555653e+00,3.270795348868559826e-01,7.750934063356510251e+00
2.635460240691104294e-01,1.575824062676435711e+00,3.277540460161329494e-01,5.979312601062813926e+00
2.937591126138129338e-01,1.978436027593892366e+00,5.407517977391391728e-01,6.734892442961661452e+00
3.300967792818200186e-01,1.669868718930185070e+00,4.524841914792143704e-01,5.058724664212901345e+00
3.206117249455934237e-01,2.066263401515993525e+00,4.141529333872397411e-01,6.444753079029253762e+00
3.026288873903513754e-01,1.672403918286603064e+00,4.709021736777752598e-01,5.526253401346390426e+00
3.489314699882347659e-01,1.979869012242472026e+00,4.753644101583255344e-01,5.674091283051164503e+00
4.271901660320298610e-01,1.995036333421371211e+00,5.553937669493796969e-01,4.670136374983377969e+00
3.026288873903513754e-01,1.820351407086834739e+00,4.464457841448170039e-01,6.015127712308644625e+00
2.124644281587731720e-01,1.563341516511253637e+00,3.154337682808761589e-01,7.358132982820914769e+00
1.850677682327962759e-01,1.136701037869193076e+00,3.341268866331711385e-01,6.142079999794128220e+00
1.799448545889389683e-01,1.178733118524240897e+00,4.398383966080032237e-01,6.550524165955764921e+00
2.668154658037798499e-01,1.267491991182752464e+00,4.109806513868457523e-01,4.750444234424121781e+00
2.021518850156600045e-01,1.295546574114711413e+00,4.041275430956893788e-01,6.408778102733743154e+00
2.435794933120475902e-01,1.144436329934669594e+00,3.759659130369476521e-01,4.698410011340905967e+00
3.628671903944591381e-01,1.649915822768610818e+00,4.586533308966831424e-01,4.546886206424587407e+00
2.563745623460412237e-01,1.636734273658619010e+00,4.443815417952589608e-01,6.384152385014855824e+00
3.201334886496355336e-01,1.538274517993015511e+00,4.411424299192930332e-01,4.805103410085762583e+00
3.259601202601324355e-01,2.059126028197399982e+00,4.487613822129014052e-01,6.317110285006996229e+00
2.432521277052599740e-01,2.076136996343499241e+00,3.820936565775269189e-01,8.534918135881964574e+00
1.853799502950112810e-01,1.781148248453629623e+00,4.027379543054204203e-01,9.608095404163897513e+00
2.098605507883796739e-01,1.235786239629574235e+00,3.062388686989233055e-01,5.888606672321770041e+00
2.260759425078299745e-01,1.130886672180020591e+00,3.905937201899579159e-01,5.002242430730342804e+00
1.629061226915836103e-01,7.248303508919583527e-01,3.221236298094903305e-01,4.449374516538082247e+00
1.472915143184712616e-01,7.274043542296716458e-01,3.292053708259454758e-01,4.938535377244408053e+00
1.414213562373095034e-01,7.633669304691870217e-01,3.096277518762481917e-01,5.397819330683218730e+00
3.100387544507103854e-01,1.145936617665792578e+00,4.723627981744876747e-01,3.696107667881797898e+00
2.724624889049169774e-01,1.866193715516617502e+00,4.104033525895769419e-01,6.849360156024543400e+00
2.494992059671663764e-01,1.636761536341885481e+00,3.743714422334097347e-01,6.560187356096356837e+00
3.162277660168379412e-01,1.626626692541087937e+00,5.169082681502501497e-01,5.143845251256260909e+00
3.162277660168379412e-01,1.660050972340678221e+00,5.232516500641193335e-01,5.249542104573722945e+00
1.852835888170644985e-01,7.482466949971430248e-01,3.683397826862337410e-01,4.038386236872318236e+00
1.995217211169055260e-01,8.388888125574358590e-01,4.635534157163402336e-01,4.204498677444280297e+00
1.812630970028763500e-01,8.144620410366543162e-01,3.637559258855993516e-01,4.493258994817517227e+00
2.720294101747088300e-01,1.016445090381993044e+00,4.237128008925612477e-01,3.736526465021516863e+00
2.696137089668630971e-01,1.145196668627736392e+00,4.098027132482320867e-01,4.247546139311806357e+00
2.362075176964293921e-01,1.125685294375941004e+00,4.304704125626079292e-01,4.765662436801253676e+00
3.517987723651459508e-01,1.350798850401707885e+00,4.875157206550093103e-01,3.839691768451255260e+00
4.131407764644960956e-01,1.623807912516790353e+00,5.528032665697742987e-01,3.930398559088574828e+00
3.882901373576603810e-01,1.578635926488657804e+00,5.015054358345555352e-01,4.065609127317468818e+00
2.734804799837844969e-01,1.194791783367680882e+00,4.025526449003206664e-01,4.368837525217609041e+00
2.958497189798977578e-01,1.225624401035567246e+00,3.930992795550228847e-01,4.142726264069378495e+00
2.208781289310960683e-01,1.674905888255598052e+00,3.909826555340255028e-01,7.582941309585669920e+00
3.358883926522383545e-01,1.980239458905599825e+00,5.476572713598616415e-01,5.895528104645873846e+00
3.325950526188696799e-01,2.160820441733333208e+00,4.583374114398597876e-01,6.496850824204772223e+00
3.597626740569100368e-01,2.007085241635847339e+00,5.298227691209255186e-01,5.578914618914443402e+00
3.597626740569100368e-01,1.773105309626134440e+00,6.162722471425672310e-01,4.928541612256448268e+00
3.225504926677694173e-01,1.866489695600750842e+00,5.356094091827298120e-01,5.786658951171579801e+00
1.581138830084189706e-01,2.004610071425747098e+00,4.381778407726222846e-01,1.267826729243635775e+01
3.646747767113494576e-01,1.524394110141932046e+00,5.314661818994071973e-01,4.180146825313705961e+00
3.925679419426603145e-01,1.404575778562038302e+00,5.172524856695095430e-01,3.577917676138707481e+00
3.352007615769954652e-01,1.319807520774105791e+00,4.771945027126587857e-01,3.937364326276886040e+00
3.251549647140713484e-01,1.355448774137313128e+00,4.471651096454219987e-01,4.168623952364504781e+00
3.026287468431272387e-01,1.473606487374585994e+00,4.591400039754175433e-01,4.869353961732046265e+00
1.545541860089665598e-01,1.535377005929023042e+00,3.865077282682690130e-01,9.934231130044883784e+00
3.679118318593457282e-01,1.559511292584350839e+00,5.389412420583060692e-01,4.238817992623185482e+00
3.005699519530619646e-01,1.325609814127198360e+00,4.614544213993369559e-01,4.410320477857380794e+00
2.739538463667704482e-01,1.132655138196315692e+00,4.702780432122455889e-01,4.134474303674906537e+00
2.845396297095951765e-01,1.106400269999465724e+00,4.562744802413566947e-01,3.888387256034149253e+00
2.906888370749726724e-01,1.076407843781271634e+00,3.818119699297511938e-01,3.702955554167534746e+00
1.414213562373095034e-01,9.739085450273312627e-01,3.259872507416049503e-01,6.886573364443499656e+00
1.610117681224479957e-01,7.071067811865475727e-01,3.291623503605445866e-01,4.391646582309432389e+00
1.582928422481343911e-01,7.225434004385073994e-01,3.373979822026464404e-01,4.564599322222500533e+00
3.335162928874897403e-01,1.228590233667902432e+00,4.524228552966590988e-01,3.683748769906008746e+00
3.572185660444885946e-01,1.318829156800677582e+00,5.124658786463297533e-01,3.691939003630702487e+00
3.495633186072455989e-01,1.373282942538956997e+00,4.278895514510103193e-01,3.928567070510962100e+00
3.742697169310831851e-01,1.610465771135791702e+00,5.464309976054976259e-01,4.302955056960533042e+00
3.505725953764561864e-01,2.058143594645372776e+00,5.920173709270319939e-01,5.870805709828149865e+00
3.456618662524274521e-01,1.869524525439426377e+00,5.766770323818947164e-01,5.408535647013383851e+00
2.037002109316776444e-01,1.740415365122224722e+00,3.848338131136688212e-01,8.544003745317530374e+00
2.312865101592814221e-01,1.848714395687095280e+00,3.354251129932173114e-01,7.993178652805692508e+00
3.875945740815464058e-01,2.088264604068117869e+00,5.795201814449141287e-01,5.387754998935474937e+00
2.260759425078299745e-01,1.378717545027086766e+00,3.967084057889755377e-01,6.098470848924298693e+00
2.845396297095951765e-01,1.262168493875002850e+00,3.773154746231081047e-01,4.435826725307783214e+00
3.641785203646148994e-01,1.327782278970020213e+00,4.656958376498404051e-01,3.645965384341303128e+00
3.621429841700741781e-01,1.582779299655730609e+00,5.737996205904198899e-01,4.370592193807089743e+00
4.122424289477237824e-01,1.869246596957363948e+00,5.372107691238153793e-01,4.534338209021182564e+00
2.314521597425814314e-01,1.409362043572556900e+00,4.303604854127671686e-01,6.089215348606096256e+00
2.941285880957733578e-01,9.959632039741961318e-01,4.115366770867316948e-01,3.386148930378346300e+00
2.478181039623438831e-01,9.391327170443206640e-01,3.558487901199544057e-01,3.789604964401723119e+00
2.317736142542174693e-01,1.032380443309386386e+00,3.411467047783268147e-01,4.454262175749803987e+00
1.703979279237456401e-01,1.130884203872707605e+00,3.441573390127770082e-01,6.636725091978740387e+00
2.244500696216167879e-01,1.197698943232684554e+00,3.885276091489687222e-01,5.336148682207110028e+00
1.588757722522942950e-01,1.164850773026345099e+00,3.681048299452259753e-01,7.331833900870456056e+00
1.671196236196395291e-01,1.097038490565239499e+00,3.562732558109782954e-01,6.564390625137321855e+00
1.596967973838085142e-01,1.105449387635568437e+00,3.260082060778844437e-01,6.922176310015649037e+00
2.028172647712559729e-01,1.113245812620123454e+00,3.292053708259454758e-01,5.488910492288114007e+00
2.110531445965636299e-01,1.097118828919931843e+00,4.251490438693412144e-01,5.198306004950163484e+00
1.801451271657693864e-01,1.116785700315501284e+00,3.305375577984769886e-01,6.199366687769667372e+00
2.176768981365804490e-01,1.104784666144216221e+00,3.212788992506167562e-01,5.075341828194481764e+00
2.141764684390596585e-01,1.057860545935225938e+00,4.438979132670838879e-01,4.939200621081407228e+00
3.440960425837846781e-01,1.131971689669562631e+00,4.948997810932614372e-01,3.289696914761629287e+00
3.066717246472338565e-01,1.186927502088250597e+00,4.289831300951459370e-01,3.870351932358875757e+00
3.324027346602114186e-01,1.087159619720740711e+00,4.600179725004582276e-01,3.270609734399617885e+00
1.628822035855911343e-01,1.048667654669791727e+00,3.892028358250850251e-01,6.438196632812246634e+00
2.803309859605024879e-01,1.036745967043201322e+00,4.886211848346405096e-01,3.698292443452093625e+00
3.440960425837846781e-01,1.013699268469969494e+00,4.948997810932614372e-01,2.945977701045898289e+00
1.453287582927895727e-01,1.064006622039129768e+00,3.856944973440506463e-01,7.321376956207847897e+00
3.333333333333333148e-01,1.092541779971643257e+00,4.844165919886782579e-01,3.277625339914929992e+00
2.982319696013620014e-01,1.341640786499873839e+00,4.458978799314985975e-01,4.498648445682084329e+00
2.863889379842790572e-01,1.205841637220266938e+00,4.247114123037364353e-01,4.210503540071997897e+00
3.275843616590520258e-01,1.334507797993973899e+00,4.999947510649208060e-01,4.073783593439427086e+00
4.218307438660537367e-01,2.315499613806589085e+00,6.808933210193230945e-01,5.489167509663170463e+00
2.849881999516385989e-01,2.211675707232473975e+00,4.480001920601859866e-01,7.760586956259195368e+00
2.521302880488364151e-01,1.276849118500928082e+00,4.262843146746521650e-01,5.064243286207679162e+00
2.811306984328538761e-01,1.318436165007904393e+00,4.116274325099641973e-01,4.689762350242955513e+00
2.699814819160297752e-01,1.323365156254147745e+00,4.117251156935692324e-01,4.901688615316748709e+00
1.831858263618279525e-01,1.645656420210726445e+00,4.136414625900792230e-01,8.983535751069693376e+00
3.769262778080788578e-01,2.284731931759172330e+00,6.468830248355068591e-01,6.061482221524759240e+00
3.140866529177131494e-01,2.705052253156617681e+00,5.308456664355354349e-01,8.612439363557763627e+00
3.283570833575553682e-01,2.350205459948367714e+00,4.576144785964644246e-01,7.157468436242553800e+00
3.283872295568947552e-01,1.364644996067783778e+00,4.518371978429481794e-01,4.155597030704119454e+00
2.765331593774860708e-01,1.392147044853887961e+00,4.524773787570517958e-01,5.034286115950076912e+00
2.711980497035149651e-01,1.160392033751211027e+00,3.700148557107858505e-01,4.278762457988912971e+00
2.982319696013620014e-01,1.274904196659458089e+00,4.101839812748365177e-01,4.274874348191394446e+00
2.626128657194450877e-01,1.444843923922940920e+00,4.126014088640406752e-01,5.501801748991606900e+00
2.849881999516385989e-01,1.949962292244767914e+00,4.495533006702669421e-01,6.842256249822515457e+00
2.536857024815635242e-01,1.466782970366671712e+00,3.302641439270794788e-01,5.781890567811046822e+00
2.741159848006810007e-01,1.273303489018988266e+00,4.081030647854140825e-01,4.645126733287189502e+00
1.535737792084878039e-01,2.181660816193467411e+00,4.071348358011583346e-01,1.420594601134156498e+01
1.741013214144046251e-01,2.414632441385152095e+00,4.025304963316395646e-01,1.386912185254311680e+01
2.404235184171725215e-01,2.462172837549633453e+00,4.370064086823857719e-01,1.024098163839935793e+01
3.271821495285242021e-01,1.525782294768974978e+00,3.925300126757815811e-01,4.663403235682804571e+00
2.578291822550649037e-01,1.474353884381895075e+00,3.688019568894602140e-01,5.718335959826875481e+00
3.523649724724399190e-01,1.458867108990844264e+00,5.217544760605239418e-01,4.140216034398677358e+00
1.700051002295114855e-01,2.661633180537743559e+00,3.511293295812477067e-01,1.565619606085033233e+01
2.218706389892350916e-01,2.598427373916432970e+00,4.371489331001616740e-01,1.171145215858194533e+01
1.990834387225363933e-01,1.234078935754164608e+00,3.283148511943382863e-01,6.198802590878022656e+00
1.990834387225363933e-01,1.176951149276001862e+00,3.316354196075106398e-01,5.911848603922924106e+00
3.551555420406525831e-01,1.154544991730956482e+00,5.059150497619607778e-01,3.250815079773702099e+00
3.541666666666666852e-01,1.167632791862948327e+00,5.118335917549239333e-01,3.296845529965971355e+00
2.421683721843891357e-01,1.145196668627736392e+00,4.470528824142154800e-01,4.728927474293684874e+00
2.532287174911612704e-01,1.078572564685647883e+00,4.097702960101949898e-01,4.259282183203785266e+00
2.928931088450005826e-01,1.055246038199358471e+00,4.329183281056620536e-01,3.602836687966585405e+00
3.333333333333333148e-01,1.014383921387894683e+00,4.641765699281399371e-01,3.043151764163684270e+00
2.835509473035504047e-01,1.121422109929232747e+00,4.191434769299459684e-01,3.954922812261721266e+00
3.711191010113216171e-01,1.901702024039332528e+00,5.474793766909891168e-01,5.124236448237456720e+00
3.663693154158387810e-01,2.287676339655471125e+00,6.291598958109529960e-01,6.244181058282401331e+00
3.333333333333333148e-01,1.261577142075134494e+00,4.641765699281399371e-01,3.784731426225403705e+00
3.469624107991532425e-01,1.169545782884311436e+00,4.880450863892344948e-01,3.370814089602716557e+00
2.997602876165368357e-01,1.117048019629715006e+00,4.447082479680714018e-01,3.726471002919103714e+00
3.400000000000000244e-01,1.091681275594497569e+00,4.700694182405139032e-01,3.210827281160286706e+00
3.197443067909725989e-01,1.114902990793992243e+00,4.296516076806172757e-01,3.486857989696251714e+00
3.024246681672970727e-01,1.015886617933515756e+00,5.091353174096113765e-01,3.359139398547811517e+00
3.209884668267279917e-01,1.091109343240221463e+00,4.920657473108538960e-01,3.399216657305044631e+00
3.588535002730049994e-01,1.012130566687751365e+00,4.630352557033912686e-01,2.820456163637118596e+00
3.209884668267279917e-01,1.080613969037736988e+00,4.920657473108538960e-01,3.366519612746898371e+00
3.122290853413600131e-01,1.056873280992320030e+00,4.638742638014922703e-01,3.384928985193165651e+00
3.214632681200099706e-01,1.008044565559403249e+00,4.966268921868384756e-01,3.135800153637074317e+00
2.923526731023430858e-01,1.031227005930390961e+00,4.952570233227543972e-01,3.527339069581184372e+00
4.130434782608695676e-01,1.214741089176781141e+00,5.170226881239433636e-01,2.940952110638522576e+00
3.067859955389481419e-01,1.022563694450065119e+00,4.071054097276726180e-01,3.333149848165885665e+00
3.408351436279253299e-01,1.004559294156402327e+00,5.222038801758807081e-01,2.947346577772611553e+00
3.401583841965074573e-01,1.063706176493120603e+00,5.337371222601750009e-01,3.127090866819921988e+00
2.990445835608374625e-01,1.029563014098699991e+00,4.379169413816340062e-01,3.442841203941238604e+00
2.753537218400134989e-01,5.851163227180652404e-01,4.345954943635561563e-01,2.124962462130911778e+00
2.823419577959950799e-01,7.352146220938077237e-01,4.691653274895297709e-01,2.603986413613501139e+00
2.698004091849499075e-01,9.288943440819004138e-01,4.324962207605563269e-01,3.442894497039615143e+00
3.321819194149598919e-01,1.111240543357005617e+00,4.639412898035552013e-01,3.345277025655480685e+00
2.285805664902688383e-01,1.209674488849271645e+00,3.716737624653385641e-01,5.292114318479344881e+00
3.184648776492410294e-01,1.057813020350617084e+00,4.798033283515626968e-01,3.321600259843090708e+00
4.191368221424546792e-01,1.351746623783925738e+00,6.451266954128505038e-01,3.225072464104571157e+00
4.126536306249158903e-01,1.236045835559909323e+00,5.637321706948140720e-01,2.995359167658507626e+00
3.538637153686562398e-01,1.068039308547101163e+00,5.115947331746406590e-01,3.018222163395347657e+00
3.047428015963957182e-01,1.120375636968462763e+00,4.567332070139109579e-01,3.676463007819620099e+00
2.914138129852693049e-01,1.048596946188360635e+00,4.324655998687085834e-01,3.598309000683389769e+00
1.852835888170644985e-01,1.029991650747144716e+00,3.904740892109199168e-01,5.559000974252951366e+00
2.581380691994910048e-01,1.025683687608917483e+00,3.628663413233673141e-01,3.973391800712128052e+00
2.753537218400134989e-01,1.154557479401018272e+00,4.689923616140393436e-01,4.192997543980325759e+00
3.162277660168379412e-01,1.448822061487765600e+00,4.900094887729619653e-01,4.581577638601858737e+00
3.464364663140752088e-01,1.092186850955649824e+00,4.902768109914670269e-01,3.152632465560037733e+00
3.922322702763680891e-01,1.248528545693595726e+00,5.934262812399577758e-01,3.183135708884632376e+00
3.635521220923582097e-01,1.235860953988351385e+00,5.293900699937013066e-01,3.399405144097572773e+00
4.191871838456466270e-01,1.636761536341885481e+00,5.686097980391131568e-01,3.904607772895496876e+00
4.191368221424546792e-01,1.795054935711501320e+00,6.451266954128505038e-01,4.282742152159097593e+00
3.032036572769469807e-01,1.160172400981854146e+00,4.553352773487746030e-01,3.826379969823879179e+00
3.141885707316723897e-01,1.037414819730623217e+00,4.597207960214107492e-01,3.301885925750654760e+00
4.196307456954313508e-01,1.366529661191855372e+00,5.710296501450685680e-01,3.256505094561600089e+00
3.047428015963957182e-01,1.347765034505382209e+00,4.174306442002869155e-01,4.422631240000133523e+00
3.605551275463989014e-01,1.414213562373095145e+00,5.331904942285680127e-01,3.922322702763681335e+00
2.055689820619727992e-01,1.559366516128883218e+00,3.868407618313217111e-01,7.585611897707318363e+00
3.041112613528421660e-01,1.607880056621497245e+00,4.745769126136268334e-01,5.287144084927423826e+00
1.690846559745238786e-01,9.857846356675159516e-01,3.962584609412595493e-01,5.830124738320695776e+00
1.818349804282035909e-01,9.941206476424103711e-01,3.623421204520084205e-01,5.467158438389321695e+00
2.323608178903503463e-01,9.817197079134452053e-01,4.554808618630883377e-01,4.224979567668387226e+00
2.914138129852693049e-01,1.071279978099286545e+00,4.324655998687085834e-01,3.676146875554724414e+00
2.622387811268167002e-01,1.065938678518728144e+00,4.758168019965284823e-01,4.064763700999846741e+00
2.525729665824825720e-01,9.728929121731235696e-01,4.040547926193784334e-01,3.851928119375382931e+00
2.928931088450005826e-01,9.985507238761144322e-01,4.329183281056620536e-01,3.409266704204190646e+00
2.808279781508652428e-01,9.490467086357834425e-01,4.639907243066543896e-01,3.379459250765749712e+00
2.723212652382152599e-01,1.034000673446011209e+00,4.370756944758160678e-01,3.796988356900848682e+00
2.614461772600696898e-01,1.083300907426523185e+00,4.137268964460518728e-01,4.143494920367206902e+00
2.698978095246549191e-01,1.083300907426523185e+00,4.347665196551498967e-01,4.013744718174767634e+00
2.921346446227208182e-01,1.126505753278577604e+00,4.371985254377611652e-01,3.856118313982960899e+00
2.921346446227208182e-01,1.126505753278577604e+00,4.278710364367059871e-01,3.856118313982960899e+00
2.508547030718512039e-01,1.098294131824439690e+00,4.040240249891654534e-01,4.378208255118343217e+00
2.906591794880898916e-01,1.071287193053291453e+00,4.257134679241289521e-01,3.685716016057179800e+00
1.570475883007535767e-01,1.065694101852302955e+00,3.901818723314323667e-01,6.785803675071075958e+00
2.508547030718512039e-01,1.021931735982258171e+00,4.026522952635992469e-01,4.073799388523127618e+00
2.921346446227208182e-01,1.107897478607426489e+00,4.239599990260518592e-01,3.792420717639388261e+00
1.452462773686477582e-01,1.043294905785886906e+00,2.814361339819743124e-01,7.182937316444353293e+00
1.707106781186547573e-01,1.038898621053847560e+00,3.982649309956773354e-01,6.085727222826371907e+00
2.263393651062963197e-01,1.073580904137118708e+00,3.706604375894180237e-01,4.743235466941113643e+00
2.616812706568055757e-01,1.035453981813585056e+00,4.323762111524788732e-01,3.956928133276992110e+00
2.616812706568055757e-01,1.027067308717967142e+00,4.354519037482391663e-01,3.924878942004847104e+00
2.723212652382152599e-01,9.521035110166775617e-01,4.433893852277800418e-01,3.496251055472356040e+00
3.334744755604764355e-01,9.510999446612203867e-01,4.644185114034672379e-01,2.852092182055882663e+00
3.048553804248462229e-01,1.106257443939512752e+00,4.605383344546611357e-01,3.628794224979179361e+00
2.708333333333333148e-01,1.002638029833261557e+00,4.426075034374564732e-01,3.702048110153581373e+00
2.308217678742413570e-01,1.046198223323289600e+00,4.343085167048947870e-01,4.532493763297445355e+00
2.083333333333333426e-01,9.672280423767113389e-01,3.511744487899784439e-01,4.642694603408214604e+00
1.987970234793884627e-01,1.084652289093280819e+00,3.815052614746008430e-01,5.456079120851319075e+00
2.102138417049080887e-01,1.026608452466551524e+00,3.804699291288669571e-01,4.883638699242620618e+00
1.131696825531481598e-01,1.027917985354563468e+00,2.604950259725314354e-01,9.082980195440768512e+00
1.453295897440449458e-01,9.798803732006043932e-01,3.246621655195079947e-01,6.742469822741353980e+00
1.759253810095869619e-01,1.076320794965014871e+00,3.965103005086378918e-01,6.118052942607305589e+00
2.013371389876750517e-01,1.047645443654367403e+00,3.547520035031959673e-01,5.203438615060977490e+00
1.551163414997162315e-01,1.053006899033318122e+00,3.018610972073341725e-01,6.788497516460859416e+00
2.382314450033154729e-01,1.080740486888503771e+00,3.680192536571614270e-01,4.536514845357475956e+00
2.410404276634137422e-01,9.936708224910458798e-01,4.374500734493723120e-01,4.122423910890986143e+00
2.515059928821246071e-01,9.592387027684449174e-01,3.978648585955337769e-01,3.813979507112656542e+00
2.291666666666666574e-01,9.789590759775729234e-01,3.438000059195587821e-01,4.271821422447590777e+00
3.710358790147487706e-01,1.209622802883730142e+00,4.855624367622392579e-01,3.260123538714829738e+00
3.128319528052440623e-01,1.535234328838579687e+00,5.349599065025482103e-01,4.907536826311190481e+00
3.571428571428571508e-01,2.039607805437114063e+00,5.854509808676503502e-01,5.710901855223919021e+00
1.523525098652175891e-01,1.372983201983249524e+00,3.079659411835404814e-01,9.011884367365480486e+00
2.698978095246549191e-01,7.258075430339432366e-01,4.830739107279442002e-01,2.689193900136641613e+00
1.948235211147823498e-01,7.223762254999209764e-01,3.667227768318654380e-01,3.707849141451074360e+00
2.058035425572000698e-01,7.507402022423353971e-01,3.876121576385338496e-01,3.647848782941518930e+00
1.457069064926346524e-01,7.952562055290310905e-01,2.974892961726595675e-01,5.457917024470151368e+00
1.537324884048175688e-01,9.259818291998962447e-01,2.544797324537246830e-01,6.023332080344302675e+00
2.200000000000000011e-01,1.067679699132628501e+00,3.228975978588604634e-01,4.853089541511947935e+00
2.392356668486699811e-01,1.047645443654367403e+00,3.745186614788784674e-01,4.379135675940251993e+00
2.600000000000000089e-01,1.042619838816258859e+00,4.124411875031492869e-01,4.010076303139457288e+00
2.508547030718512039e-01,1.041300961445677409e+00,4.026522952635992469e-01,4.151012313878851501e+00
2.921346446227208182e-01,1.053709557189025814e+00,4.239599990260518592e-01,3.606931175690736069e+00
3.335162928874897403e-01,1.218879036062693100e+00,4.524228552966590988e-01,3.654631159125639961e+00
3.405574568898748766e-01,1.280368799328959861e+00,4.668504284249250791e-01,3.759626381468396783e+00
3.584287961608757511e-01,1.297204174075225147e+00,5.890933532429932784e-01,3.619140504249533485e+00
1.420084103648461271e-01,1.110093551151294822e+00,3.215792047625584682e-01,7.817097228954659194e+00
1.949166368208944955e-01,1.065339428016166767e+00,3.439154076599636456e-01,5.465615687772658937e+00
1.751059756189475014e-01,1.016030055249711461e+00,3.171685572455494317e-01,5.802372258618517797e+00
2.321491138637154228e-01,1.009275746331831591e+00,3.642228356780441434e-01,4.347532194003260742e+00
2.604624411588953858e-01,9.768665685153354872e-01,4.219508999470769073e-01,3.750508381050598583e+00
2.826086956521738913e-01,1.002411094518611767e+00,4.020185749401057884e-01,3.546993103681241877e+00
2.914138129852693049e-01,9.829312519977408957e-01,4.324655998687085834e-01,3.372974128880524614e+00
1.516472373121471318e-01,9.900644833778532439e-01,3.719210878207435678e-01,6.528734060218503110e+00
2.894447955800850125e-01,9.770442081172092674e-01,4.683244923313023556e-01,3.375580501142145806e+00
2.415773612139682502e-01,1.045385186751393025e+00,4.424254386146310170e-01,4.327330928271385879e+00
3.389171947022824871e-01,1.084926618387157093e+00,4.674716538345464190e-01,3.201155430724596851e+00
3.773062151411091247e-01,1.087459795734743162e+00,5.604087942806913469e-01,2.882167725034805006e+00
2.280350850198275825e-01,1.192161413165993444e+00,4.371596836467103175e-01,5.227973638628175657e+00
3.333333333333333148e-01,1.327054567643454419e+00,5.322698934296954398e-01,3.981163702930363257e+00
2.951497959712248709e-01,1.302038229459355767e+00,4.452232472781380568e-01,4.411448854893654570e+00
3.076923076923077094e-01,1.016749245808877156e+00,5.064023366419077021e-01,3.304435048878850534e+00
2.597922492676652539e-01,9.935742306448176464e-01,4.122365229092390670e-01,3.824495278229540940e+00
2.692307692307692180e-01,9.278848588960666444e-01,4.791858228993545743e-01,3.446429475899676298e+00
3.343402696845618749e-01,8.388863287697824189e-01,4.619269962437868027e-01,2.509079536130187638e+00
3.122290853413600131e-01,1.020798772929141007e+00,4.638742638014922703e-01,3.269390395879044675e+00
3.333333333333333148e-01,1.143953426335340584e+00,5.187920803109214996e-01,3.431860279006021752e+00
3.321819194149598919e-01,1.084652289093280819e+00,4.491169556204718250e-01,3.265235781055075837e+00
3.599576753109892113e-01,1.081919525752739419e+00,5.227368708074918713e-01,3.005685390144837488e+00
3.141885707316723897e-01,1.120011982361678760e+00,4.854693006827643376e-01,3.564776337195940226e+00
3.588535002730049994e-01,1.099017544192551155e+00,5.194116068543608300e-01,3.062579975829834655e+00
3.529432893783948644e-01,1.071959801375258037e+00,4.513212925444441415e-01,3.037201254805546480e+00
2.062129870828426359e-01,1.087624397146502275e+00,4.149236781707481558e-01,5.274276914041147180e+00
3.407853524510546239e-01,1.150888183338271586e+00,4.882107274408382658e-01,3.377164467488573241e+00
2.966809058604892302e-01,1.354398355159440737e+00,3.877460605952479100e-01,4.565168598333493755e+00
3.597123451398441807e-01,1.027788827456090903e+00,4.688240367048727153e-01,2.857252027468005995e+00
3.449044908473815063e-01,1.075734744337409898e+00,4.970032458972348799e-01,3.118935162875037914e+00
3.321819194149598919e-01,1.082099889538933102e+00,4.639412898035552013e-01,3.257552040895939527e+00
3.748545306851767123e-01,1.019130320146574897e+00,5.548747312057605852e-01,2.718735500632100344e+00
3.588535002730049994e-01,1.046274469480511504e+00,5.194116068543608300e-01,2.915603355365175897e+00
3.197443067909725989e-01,1.042355596862902800e+00,4.888798790023777263e-01,3.259966087666183121e+00
2.200763644556762988e-01,1.029155903378747405e+00,3.494791382266380086e-01,4.676358162877690461e+00
2.819419372173004312e-01,9.805000987832948045e-01,4.614309562119960351e-01,3.477666743942375405e+00
3.597123451398441807e-01,1.028770673528579094e+00,4.577862667688715193e-01,2.859981558677468616e+00
3.262219966972523255e-01,1.066460995908425913e+00,5.184737982569028736e-01,3.269126566281630453e+00
3.248799356361138368e-01,1.007052273553962651e+00,4.471799520981227793e-01,3.099767523599626706e+00
2.644679360999225848e-01,9.197910513755465090e-01,3.469962297150286368e-01,3.477892499709403396e+00
2.289679959169973189e-01,9.709700483796888104e-01,4.486059266560040171e-01,4.240636533027406507e+00
2.720778364889099299e-01,1.000000000000000000e+00,4.391693799576787405e-01,3.675418817294074714e+00
2.606233456578416208e-01,9.702303077664689024e-01,3.710159293339279074e-01,3.722729847234146572e+00
1.716471331003223966e-01,1.002954216185022895e+00,3.647028252913973034e-01,5.843116619948597545e+00
2.245465572277532129e-01,1.047145999996328625e+00,4.472734329924951124e-01,4.663380338244191847e+00
2.025079349615650781e-01,1.008135727298774320e+00,3.933494308504404402e-01,4.978252963223949834e+00
1.245682197806099456e-01,9.809366679610218576e-01,2.797850516575625113e-01,7.874694442038679298e+00
1.739130434782608647e-01,8.154988540880002690e-01,3.426013796725062011e-01,4.689118411006001352e+00
2.292482159702610434e-01,5.881244859372071199e-01,3.820992706872006206e-01,2.565448474475809704e+00
1.490847601863486138e-01,8.801824751669837799e-01,2.974892961726595675e-01,5.903906435954949572e+00
2.399339012254147474e-01,9.396908363523230889e-01,3.694662943930245858e-01,3.916457122370114341e+00
2.690318547084307732e-01,9.748735658032452456e-01,3.676298964714752593e-01,3.623636193044076581e+00
2.416552506059643779e-01,9.605195806274242631e-01,3.163612208570171225e-01,3.974751544685523719e+00
2.515059928821246071e-01,9.359055067938529815e-01,3.836459575734341154e-01,3.721205590645673134e+00
2.184179983846308848e-01,9.203887138678877866e-01,3.553414541266374238e-01,4.213886770663911818e+00
2.549688112275090845e-01,8.425623785839218005e-01,3.647225081607818331e-01,3.304570368930739743e+00
1.875000000000000000e-01,8.838834764831843271e-01,3.156624258786324133e-01,4.714045207910316115e+00
2.605569194185422544e-01,1.120886640706306503e+00,3.818283711433771432e-01,4.301887830143495961e+00
2.803309859605024879e-01,1.240899788506430568e+00,4.886211848346405096e-01,4.426552363645124721e+00
2.375341982571016752e-01,1.222638687767053201e+00,3.898129212453993464e-01,5.147211208904313828e+00
1.937097110565149383e-01,1.212678125181664957e+00,4.344366885147670776e-01,6.260285654072682782e+00
2.890034191721921886e-01,1.153647459693807775e+00,4.416413043941990191e-01,3.991812494808059331e+00
2.819419372173004312e-01,1.028991510855053138e+00,4.614309562119960351e-01,3.649657518178932580e+00
2.497832682730879994e-01,9.746251292444152448e-01,3.361701526317572575e-01,3.901883164483450628e+00
2.606233456578416208e-01,8.815673447596334977e-01,4.137835463291610893e-01,3.382534064761012704e+00
1.394766013211224398e-01,8.949724072596303426e-01,2.824756069358703159e-01,6.416649092266740517e+00
1.737210240911067627e-01,8.690687014649570719e-01,2.815196390480152466e-01,5.002668537166694129e+00
2.095684110712273396e-01,8.704833989831639585e-01,3.762502488062440253e-01,4.153695657344594672e+00
2.198242109187936721e-01,1.013868150620441222e+00,3.769784814351758162e-01,4.612176913465547479e+00
2.719219758869584891e-01,1.075059166924956067e+00,4.601156298071076289e-01,3.953557499052125834e+00
2.138293993106670232e-01,1.205404496424333116e+00,4.053846054623391759e-01,5.637225284784311619e+00
2.196654543018631278e-01,1.102821933140711641e+00,4.050732510006220810e-01,5.020461395013980699e+00
2.500000000000000000e-01,1.059295978068297339e+00,3.566925079558561640e-01,4.237183912273189357e+00
1.827534437926537636e-01,1.010152544552210818e+00,3.813922409714493034e-01,5.527406343698221924e+00
2.043344741339249149e-01,1.022015216784286862e+00,3.789689762464592548e-01,5.001677867213134121e+00
2.410552999295184629e-01,9.437151533160259564e-01,4.191964113486916221e-01,3.914932190215093311e+00
1.818181818181818232e-01,9.501975580693851064e-01,3.711300309813981846e-01,5.226086569381617863e+00
1.978047720346257365e-01,9.658089279178887487e-01,3.471254671855689145e-01,4.882637147645881193e+00
1.156198604089172244e-01,9.748154963834899656e-01,3.576964853415611767e-01,8.431211497192803606e+00
2.184179983846308848e-01,1.045385186751393025e+00,3.711842793831099940e-01,4.786167781422871137e+00
2.450297955764484115e-01,1.012654516062020171e+00,3.958313392092120964e-01,4.132781132513639655e+00
2.196654543018631278e-01,1.062053943960313607e+00,4.020688266457069782e-01,4.834870131654131598e+00
2.882484157590329277e-01,1.008135727298774320e+00,4.118259225614334662e-01,3.497454529434589343e+00
1.981411925781959571e-01,6.522725628569366885e-01,2.841401434882802057e-01,3.291958397795142321e+00
2.612026696824167327e-01,6.324555320336758824e-01,3.947790661733153184e-01,2.421321086812194157e+00
1.856953381770518330e-01,5.804015942414629814e-01,3.097933612223034983e-01,3.125558239313887210e+00
2.450297955764484115e-01,5.590169943749473402e-01,3.465643465747640373e-01,2.281424563326365007e+00
1.925873090626245843e-01,5.196854747832865273e-01,3.309225045140689048e-01,2.698440916552283131e+00
2.638708986236568688e-01,5.737559573049358930e-01,3.458337788378679778e-01,2.174381336849310564e+00
2.176823854036717409e-01,4.810508030077078057e-01,3.188142977606682194e-01,2.209874731552779803e+00
1.936398597153016488e-01,5.929528385575817406e-01,3.047054824968820075e-01,3.062142471231742658e+00
1.697355587960359957e-01,5.016847219818535430e-01,2.797397061195647794e-01,2.955684274646933396e+00
2.231435084485957066e-01,5.626110248756712728e-01,3.048129423651245173e-01,2.521296849669623086e+00
2.617119612951068763e-01,5.153096558873869748e-01,3.856267900070855514e-01,1.968995430462281648e+00
1.354570922957192836e-01,1.276924911272866447e+00,3.737563952291984015e-01,9.426785188074052968e+00
2.624208329529608141e-01,1.333715541549105099e+00,3.723401879872707543e-01,5.082353891423608161e+00
2.515059928821246071e-01,1.090959744872896486e+00,3.998826937454084129e-01,4.337708745509717190e+00
2.304308503530840824e-01,1.086688877879122606e+00,4.108466482542803000e-01,4.715900133224407043e+00
2.746053366586792555e-01,1.041549280026507152e+00,4.456261168634734204e-01,3.792895260885264630e+00
2.415773612139682502e-01,1.029963828867912046e+00,3.389346249682263501e-01,4.263494822909583704e+00
2.154486606312839281e-01,1.084432345404698461e+00,4.134583616423106456e-01,5.033367774147280649e+00
3.229711207330868694e-01,2.246275057508970274e+00,5.173580734809686277e-01,6.955033788811601170e+00
2.597922492676652539e-01,1.304775468956342666e+00,4.097804824895296405e-01,5.022380277450179342e+00
2.408856459425014473e-01,9.745025256066774944e-01,3.745461209729883945e-01,4.045498526048695531e+00
2.949148850884533712e-01,1.013307544420752215e+00,4.373477321746156443e-01,3.435932181303200217e+00
2.138293993106670232e-01,1.008651927613747556e+00,4.053846054623391759e-01,4.717087224045857674e+00
2.212734445583975362e-01,9.478025650161909788e-01,3.826986208877966589e-01,4.283399514603980940e+00
2.500000000000000000e-01,9.984472040322016628e-01,4.410227780043160517e-01,3.993788816128806651e+00
2.514912786715738924e-01,9.558575540652821667e-01,3.668289289089944893e-01,3.800758257361084969e+00
2.081527235609066662e-01,8.928837434461133205e-01,3.452477050094869826e-01,4.289560704137750591e+00
2.692307692307692180e-01,1.007247853756659373e+00,4.100971337742879141e-01,3.741206313953306495e+00
2.814213562373095168e-01,9.617692030835672812e-01,3.832712808344854172e-01,3.417541639137550380e+00
2.597922492676652539e-01,9.434514672949210201e-01,3.440591721607756948e-01,3.631561256944499050e+00
2.797762684421010171e-01,9.417909389479482973e-01,3.888866606451232277e-01,3.366228823453085273e+00
2.500000000000000000e-01,9.308007528433652755e-01,3.795661852264626268e-01,3.723203011373461102e+00
2.076136996343499186e-01,8.838707127307163791e-01,3.860106355146124546e-01,4.257285113108590480e+00
1.970611424396885303e-01,8.917248832048664253e-01,3.133308499327460139e-01,4.525117799303243871e+00
1.759253810095869619e-01,9.032801998070117966e-01,2.771524548138801225e-01,5.134450723501846170e+00
1.666666666666666574e-01,9.702917515628919354e-01,3.172400992555918786e-01,5.821750509377351612e+00
1.823163177527463430e-01,9.374030704378363277e-01,3.539659265890701123e-01,5.141630118424853180e+00
1.798561725699220903e-01,9.385249147167279427e-01,2.930048081826011064e-01,5.218196858669728044e+00
1.690846559745238786e-01,9.374030704378363277e-01,3.208839552131405037e-01,5.543986620400822574e+00
1.600000000000000033e-01,9.436630754670862764e-01,3.018035018993864282e-01,5.897894221669289117e+00
1.739130434782608647e-01,9.416801410059517652e-01,3.426013796725062011e-01,5.414660810784222456e+00
2.500000000000000000e-01,9.451403167096450453e-01,3.795661852264626268e-01,3.780561266838580181e+00
2.083333333333333426e-01,9.106416928094863694e-01,4.161399968064948274e-01,4.371080125485534040e+00
1.248916341365439997e-01,9.690816121382430648e-01,3.018905393348875199e-01,7.759379712165078047e+00
1.457069064926346524e-01,9.107301627976474023e-01,2.974892961726595675e-01,6.250425492656273008e+00
1.737488971052277564e-01,9.279017664810237376e-01,2.837280778794306624e-01,5.340475720654833225e+00
1.185113657849942992e-01,9.321225557920983507e-01,2.814737999750614450e-01,7.865258742213584675e+00
1.185113657849942992e-01,9.135002783911395641e-01,2.814737999750614450e-01,7.708123793361981058e+00
9.480909262799544490e-02,9.215048945709577444e-01,2.723811837691696991e-01,9.719583523351364107e+00
1.185113657849942992e-01,8.609196086825458005e-01,2.814737999750614450e-01,7.264447616310856226e+00
9.950371902099891530e-02,8.907708560572802359e-01,3.134304506965945869e-01,8.952136310295045973e+00
9.200151739417014585e-02,8.425582915207451284e-01,2.950947456376817324e-01,9.158091250939905947e+00
1.041666666666666713e-01,8.877444050825468169e-01,2.839444948759041187e-01,8.522346288792448377e+00
2.723212652382152599e-01,8.902929721724242018e-01,4.221329356903182339e-01,3.269274514399869158e+00
1.600000000000000033e-01,9.067647005823628037e-01,3.650220802976449352e-01,5.667279378639767273e+00
1.823163177527463430e-01,8.984419532973347833e-01,3.881285932119491466e-01,4.927929460026629904e+00
2.124591463996993446e-01,9.056963667706103838e-01,4.178754408233582573e-01,4.262920105433935625e+00
2.399999999999999911e-01,8.735253541991626625e-01,4.112038334157468999e-01,3.639688975829844519e+00
2.797762684421010171e-01,9.665143954280651650e-01,3.888866606451232277e-01,3.454597492524934754e+00
1.085930606907673512e-01,9.789590759775729234e-01,2.406157156738020775e-01,9.014932167399575036e+00
2.192401891920079393e-01,1.519078509324305326e+00,3.338054385193908735e-01,6.928832322772329633e+00
2.883505980845719185e-01,1.598687306815305798e+00,4.263336187605543115e-01,5.544248277738678787e+00
2.640286746772975701e-01,1.943210841897599295e+00,4.134704531539052375e-01,7.359847729693147933e+00
3.351155373249634084e-01,2.203354666010981511e+00,4.606874747439493323e-01,6.574910502804816481e+00
3.184836554905273731e-01,3.235129572121693275e+00,4.863364341264436175e-01,1.015791396622523202e+01
3.465184654593679858e-01,2.957311220546869457e+00,5.570801819668652621e-01,8.534353909903359181e+00
2.058980693513018656e-01,2.525729665824825609e+00,4.475475459236503695e-01,1.226689338944428442e+01
3.354101966249684597e-01,2.883048007225306186e+00,5.358550991628876492e-01,8.595588435401452898e+00
4.722222222222222099e-01,2.614240643790546326e+00,6.093398495192859921e-01,5.536039010379981029e+00
2.811964889571059167e-01,1.170141345834241120e+00,4.058680357505108915e-01,4.161294297002179121e+00
2.603967924321343719e-01,8.491364705345894048e-01,4.091892500251391729e-01,3.260932911667468570e+00
2.598633740656881574e-01,9.761664939398324581e-01,4.050283103682176256e-01,3.756460476392788905e+00
2.794810666453165782e-01,1.049296855415560170e+00,4.917583700431146787e-01,3.754447011422066272e+00
2.339524050114699660e-01,1.043619706192257857e+00,4.453373200177007663e-01,4.460820593577964566e+00
2.500000000000000000e-01,9.440134700850258964e-01,3.805342788040878554e-01,3.776053880340103586e+00
2.323608178903503463e-01,9.347299805391775518e-01,4.460874878575956659e-01,4.022752153421455645e+00
2.407407407407407274e-01,9.085770343580423791e-01,3.519680596236584580e-01,3.774089219641099113e+00
2.131001774622218181e-01,9.616940736686900859e-01,4.013450994345661438e-01,4.512873171300752162e+00
2.603967924321343719e-01,1.781699149383321412e+00,3.868596779027972943e-01,6.842246913804342690e+00
2.307692307692307820e-01,1.658373133659367671e+00,4.518366752547890441e-01,7.186283579190592796e+00
1.874085142663272918e-01,1.135292424395093480e+00,3.313601735026224238e-01,6.057848699348435062e+00
8.060323502739512314e-02,1.017025182862015820e+00,2.638198099676272723e-01,1.261767201423557161e+01
8.060323502739512314e-02,1.118462272231893539e+00,2.156462961945176393e-01,1.387614618509734576e+01
1.538811785828275713e-01,3.912030576121757752e-01,2.944966264713090309e-01,2.542241105864731399e+00
3.170035185901549091e-01,2.861188212069707415e-01,4.382240668454905341e-01,9.025730139509456906e-01
2.579416385272815249e-01,3.745886903886891939e-01,4.396810401511371813e-01,1.452222652098375200e+00
1.878352102381914135e-01,4.409297338489792661e-01,2.946683250810738786e-01,2.347428542762786119e+00
1.512376510047258593e-01,6.917271763394051698e-01,3.147187591716325561e-01,4.573776250450954706e+00
1.874085142663272918e-01,7.697381151062665516e-01,3.544835115038691975e-01,4.107273984427342484e+00
1.764705882352941291e-01,8.139740794451677530e-01,3.146997698581363578e-01,4.612519783522617267e+00
2.142747821777416795e-01,8.324525156886430910e-01,3.130292291861584419e-01,3.884976604470986139e+00
1.897161508644761574e-01,7.835666566992551818e-01,3.842675874193604013e-01,4.130205325844906739e+00
2.423130131261530817e-01,7.736383654361884687e-01,3.813473549916749916e-01,3.192723145386404227e+00
2.051283482800457802e-01,8.017279397761176707e-01,3.301384872631027423e-01,3.908420978857495065e+00
1.871348584655415925e-01,6.517220974193912442e-01,3.827844303446531482e-01,3.482633341341892397e+00
1.976837591990016629e-01,6.730255790180714737e-01,3.561423806450120799e-01,3.404556761491767336e+00
2.055270768301462048e-01,7.023127816316908634e-01,3.746762636424418313e-01,3.417130202324160759e+00
2.427580781404544141e-01,6.469200233024550162e-01,4.220831333088982951e-01,2.664875369989383014e+00
2.288728609608984277e-01,7.585159328078254770e-01,3.353155996143023510e-01,3.314136632990372089e+00
2.284781911910159224e-01,7.767316794819353332e-01,3.782966147637844001e-01,3.399587835639682254e+00
2.165463965121501022e-01,8.016250894729501919e-01,3.466208470224815263e-01,3.701862983566074572e+00
2.355010633802792630e-01,4.524485165797371700e-01,3.868823020000750623e-01,1.921216448390886455e+00
1.876058164498937142e-01,4.736584545917211786e-01,3.649764555659679166e-01,2.524753568705196294e+00
1.442128569542782957e-01,6.945806397431324442e-01,3.117092269171067853e-01,4.816357254217247252e+00
1.537956047553047934e-01,7.672953161854254578e-01,3.022957286866584381e-01,4.989058805719605694e+00
1.520571842539411023e-01,7.463569397691577345e-01,3.593808785169091413e-01,4.908396426193938566e+00
2.445284748214162363e-01,7.447634524647041010e-01,4.402442316143775347e-01,3.045712582179310068e+00
1.943694706824730112e-01,6.430120483419745625e-01,3.657438780033831494e-01,3.308194677303081477e+00
2.261577738543626148e-01,5.253314709423148043e-01,3.250891270254595566e-01,2.322853917374554378e+00
1.894904818952784509e-01,4.308137325059037681e-01,3.108887507726519339e-01,2.273537584563176672e+00
2.370537347142668838e-01,4.560701700396552205e-01,3.300697821727418546e-01,1.923910503200382704e+00
2.707431948069589644e-01,4.351712463812517639e-01,3.677346483049072079e-01,1.607321087761894418e+00
2.260438721220920377e-01,4.343722427630693494e-01,3.421645413220112952e-01,1.921628039217333273e+00
2.134060703794229408e-01,5.224072779413291290e-01,3.259460244677667151e-01,2.447949474972857864e+00
1.621029680874897516e-01,5.468641537754725945e-01,3.514893916741956836e-01,3.373560399463633619e+00
1.836860701012018315e-01,4.701879909673818414e-01,3.209372864166370465e-01,2.559736787380402667e+00
2.500084669656507663e-01,5.087888596848844092e-01,4.006366985511497503e-01,2.035086514709071981e+00
1.878352102381914135e-01,4.874051451412921843e-01,2.967356017263340640e-01,2.594855056851268493e+00
2.237112493838337435e-01,4.565790162233434590e-01,3.582327768526140099e-01,2.040930071602995888e+00
1.187618303809358650e-01,8.202819353927029988e-01,2.262795922010015504e-01,6.906949250963868359e+00
2.161268517361248920e-01,1.231899933103032252e+00,3.247306055168036609e-01,5.699893017490913927e+00
1.989949493661166413e-01,1.213424904969401030e+00,3.443713845095964787e-01,6.097767349546680649e+00
1.278878656083413112e-01,1.033101708560801857e+00,2.685319934555955856e-01,8.078183990689881355e+00
2.171861213815347025e-01,1.378651355818109270e+00,3.539625752263406144e-01,6.347787542999619781e+00
2.127178149057585288e-01,6.970034703860620295e-01,3.412386051415317589e-01,3.276657719969806148e+00
2.265199516233975530e-01,3.790017939782986955e-01,3.276480335160314450e-01,1.673149721523916611e+00
2.177425605925104313e-01,2.935521069693979301e-01,3.170455963562407442e-01,1.348161361612531195e+00
1.879689362579942680e-01,7.982425429324123689e-01,3.322598512206331178e-01,4.246672662108355922e+00
2.414335424923689244e-01,8.399972116321412496e-01,4.232558037547153873e-01,3.479206753795162310e+00
1.665741511631923799e-01,8.027016238349193866e-01,3.228119959848535503e-01,4.818884672259347468e+00
2.776706724035328810e-01,3.815571220796917240e-01,4.097833870333414397e-01,1.374135477747476575e+00
2.149503154646625058e-01,2.687273459471561377e-01,3.585036670973338890e-01,1.250183538303922592e+00
2.877467030873067655e-01,1.771883469336773542e-01,4.457872704080791948e-01,6.157788952317403419e-01
1.735752331882012556e-01,3.427882803933618439e-01,2.988270403963598221e-01,1.974868615165212393e+00
1.136124308377327446e-01,5.124098232159929323e-01,2.726177023335837890e-01,4.510156322135591367e+00
2.030258904551879018e-01,7.132683880561979661e-01,3.815984441200814814e-01,3.513189310274845933e+00
3.017858201417284447e-01,6.626595257436683761e-01,4.754348458505808783e-01,2.195794107995073574e+00
1.739525767380166454e-01,4.270185330711149807e-01,3.085331074085090330e-01,2.454798549573837807e+00
2.651077161595172260e-01,2.987340854166645743e-01,4.306990051363929761e-01,1.126840401872400088e+00
2.580849562634349725e-01,4.145280219196269544e-01,3.944733173789227720e-01,1.606168867496894803e+00
2.570520285207643085e-01,6.580535703832623984e-01,3.937176155784127829e-01,2.560001468068966002e+00
2.065480961930069026e-01,6.805443310042663674e-01,3.635920492705646545e-01,3.294846786524423976e+00
1.795126920799890724e-01,6.914038695631387066e-01,3.230231795134258510e-01,3.851559806451211987e+00
2.491364395612199190e-01,5.762677848078373577e-01,4.286710346634508007e-01,2.313061011158232816e+00
2.281113162170604614e-01,7.822914642792005990e-01,3.818340576894866389e-01,3.429428566949336510e+00
2.258064516129032195e-01,8.039153870642345989e-01,3.647194749120443724e-01,3.560196714141610652e+00
2.012675912190852456e-01,8.754089715329858024e-01,3.392892559011564946e-01,4.349478056703522277e+00
2.121212121212121271e-01,8.577695759105044004e-01,3.261294256611757536e-01,4.043770857863806079e+00
1.728309331262137261e-01,8.419165810291211471e-01,3.304422332110987792e-01,4.871330414065938363e+00
1.899935814063458128e-01,8.766728242584008735e-01,3.330462983859860948e-01,4.614223374122468080e+00
2.272727272727272652e-01,8.577503924427757331e-01,3.490549990700010929e-01,3.774101726748213537e+00
2.945949901380856550e-01,2.712611835008952865e-01,4.427095457004319168e-01,9.207936067539603808e-01
2.038052033717558387e-01,4.155135821061444745e-01,3.069811138827180375e-01,2.038778084327007356e+00
