0,0,0
0,0.5,0
0,1,0
0,1.5,0
0,3,0
0,3.5,0
0,4,1
0,4.5,1
0,5,1
0,8,1
0,8.5,1
0,9,1
0,10,0
0,10.5,0
0,11,0
0,12.5,0
0,13,1
0,13.5,1
0,14,1
0,14.5,1
0,15.5,1
0,16,1
0,18,1
0,18.5,0
0,20,0
0,20.5,0
0,21,0
0,24,0
0,24.5,0
1,2.5,0
1,9.5,0
1,12.5,0
1,13,0
1,14,0
2,0,0
2,0.5,0
2,1,0
2,1.5,0
2,2,0
2,2.5,0
2,3,1
2,4,1
2,4.5,1
2,5,1
2,5.5,1
2,6,1
2,6.5,0
2,7,0
2,7.5,0
2,8,0
2,8.5,0
2,9,0
2,9.5,0
2,10,1
2,10.5,1
2,11,1
2,11.5,1
2,12,1
2,12.5,1
2,13,1
2,13.5,1
2,14,1
2,14.5,1
2,15,1
2,15.5,0
2,16,0
2,16.5,0
2,17,0
2,17.5,0
2,18,0
2,18.5,0
2,19,0
2,19.5,0
2,20,0
2,20.5,0
2,21,0
2,21.5,0
2,22,0
2,22.5,0
2,23,0
2,23.5,0
2,24,0
2,24.5,0
2,25,0
2,25.5,0
2,26,0
2,26.5,0
2,27,0
2,27.5,0
2,28,0
2,28.5,0
2,29,0
2,29.5,0
2,30,0
2,30.5,0
2,31,0
2,31.5,0
2,32,0
2,32.5,0
2,33,0
2,33.5,0
2,34,0
2,34.5,0
2,35,0
2,35.5,0
2,36,0
2,36.5,0
2,37,0
2,38,0
2,38.5,0
2,39,0
2,39.5,0
2,40,0
3,0,0
3,0.5,0
3,1,0
3,1.5,0
3,2,0
3,2.5,1
3,3,1
3,3.5,1
3,4,1
3,4.5,1
3,5,1
3,5.5,1
3,6,0
3,6.5,0
3,7,0
3,7.5,0
3,8,0
3,8.5,0
3,9,0
3,9.5,0
3,10,0
3,10.5,0
3,11,0
3,11.5,0
3,12,0
3,12.5,0
3,13,0
3,13.5,0
3,14,0
3,14.5,0
3,15,0
3,15.5,0
3,16,0
4,0,0
4,0.5,0
4,1,0
4,1.5,0
4,2,0
4,2.5,0
4,3,0
4,3.5,0
4,4,0
4,4.5,1
4,5,1
4,5.5,1
4,6,1
4,6.5,1
4,7,1
4,7.5,0
4,8,0
4,8.5,0
4,9,0
4,9.5,0
4,10,0
4,10.5,0
4,11,1
4,11.5,1
4,12,1
4,12.5,1
4,13,1
4,13.5,1
4,14,1
4,14.5,1
4,15,1
4,15.5,1
4,16,1
4,16.5,0
4,17.5,0
4,18,0
4,18.5,0
4,19,0
4,19.5,0
4,20,0
4,20.5,0
4,21,0
4,21.5,0
5,0,0
5,0.5,0
5,1,0
5,1.5,0
5,2,0
5,2.5,0
5,3,0
5,3.5,0
5,4,0
5,4.5,0
5,5,0
5,5.5,0
5,6,0
5,6.5,0
5,7,0
5,7.5,0
5,8,0
5,8.5,0
5,9,0
5,9.5,0
5,10,0
5,10.5,0
5,11,0
5,11.5,0
5,12,0
5,12.5,0
5,13,0
5,13.5,0
5,14,0
5,14.5,0
5,15,0
5,15.5,0
5,16,0
5,16.5,0
5,17,0
5,17.5,0
5,18,0
5,18.5,0
5,19,0
5,19.5,0
5,20,0
5,20.5,0
5,21,0
5,21.5,0
5,22,0
5,22.5,0
5,23,0
5,23.5,0
5,24,1
5,24.5,1
5,25,1
5,25.5,1
5,26,1
5,26.5,1
5,27,1
5,27.5,1
5,28,1
5,30.5,1
5,31.5,1
5,32,0
5,32.5,0
5,33,0
5,33.5,0
5,34,0
5,34.5,0
5,35,0
5,35.5,0
5,36,0
5,36.5,0
5,37,0
5,37.5,0
5,38,0
5,38.5,0
5,39,0
5,39.5,0
5,40,0
5,40.5,0
5,41,0
5,41.5,0
5,42,0
5,42.5,0
5,43,0
5,43.5,0
5,44,0
5,44.5,0
5,45,0
5,45.5,0
5,46,0
5,46.5,0
5,47,0
5,47.5,0
5,48,0
5,48.5,0
5,49,0
5,49.5,0
5,50,0
5,50.5,0
5,51,0
5,51.5,0
5,52,0
5,52.5,0
5,53,0
5,53.5,0
5,54,0
5,54.5,0
5,55,0
5,55.5,0
5,56,0
5,56.5,0
5,57,0
5,57.5,0
5,58,0
5,58.5,0
5,59,0
5,59.5,0
5,60,0
5,60.5,0
5,61,0
5,61.5,0
5,62,0
5,62.5,0
5,63,0
5,63.5,0
5,64,0
5,64.5,0
5,65,0
5,65.5,0
5,66,0
5,66.5,0
5,67,0
5,67.5,0
5,68,0
5,68.5,0
5,69,0
5,69.5,0
5,70,0
5,70.5,0
5,71,0
5,71.5,1
5,72,1
5,72.5,1
5,73,1
5,76,1
5,76.5,1
5,77,0
5,77.5,0
5,78,0
5,78.5,0
5,79,0
5,79.5,0
5,80,0
5,80.5,0
5,81,0
5,81.5,0
5,82,0
5,82.5,0
5,83,0
5,83.5,0
5,84,0
5,84.5,0
5,85,0
5,85.5,0
5,86,0
5,86.5,0
5,87,0
5,87.5,0
5,88,0
5,88.5,0
5,89,0
5,89.5,0
5,90,0
5,90.5,0
5,91,0
5,91.5,0
5,92,0
5,92.5,0
5,93,0
5,93.5,0
5,94,0
5,94.5,0
5,95,0
5,95.5,0
5,96,0
5,96.5,0
5,97,0
5,97.5,0
5,98,0
5,98.5,0
5,99,0
5,99.5,0
5,100,0
6,0,0
6,0.5,0
6,1,0
6,1.5,0
6,2,0
6,2.5,0
6,3,0
6,4,0
6,4.5,0
6,5,0
6,5.5,0
6,6,0
6,6.5,0
6,7,0
6,7.5,0
6,8,0
6,8.5,0
6,9,0
6,9.5,0
6,10,0
6,10.5,0
6,11,0
6,11.5,0
6,12,0
6,12.5,0
6,13,0
6,13.5,0
6,14,0
6,14.5,0
6,15,0
6,15.5,0
6,16,0
6,16.5,0
6,17,0
6,17.5,0
6,18,0
6,18.5,0
6,19,0
6,19.5,0
6,20,0
6,20.5,0
6,23,0
6,23.5,0
6,24,0
6,24.5,0
6,26,0
6,26.5,0
6,27,0
6,27.5,0
6,28.5,0
6,29,0
6,29.5,0
6,30.5,0
6,31,0
6,31.5,0
6,32,0
6,32.5,0
6,33,0
6,33.5,0
6,34,0
6,34.5,0
6,35,0
6,35.5,0
6,36,0
6,36.5,0
6,37,0
6,37.5,0
6,38,0
6,38.5,0
6,39,0
6,39.5,0
6,40,0
6,40.5,0
6,41,0
6,41.5,0
6,42,0
6,42.5,0
6,43,0
6,43.5,0
6,44,0
6,44.5,0
6,45,0
6,45.5,0
6,46,0
6,46.5,0
6,47,0
6,47.5,0
6,48,0
6,48.5,0
6,49,0
6,49.5,0
6,50,0
6,50.5,0
6,51,0
6,51.5,0
6,52.5,0
6,53,0
6,53.5,0
6,54,0
6,54.5,0
6,55,0
6,55.5,0
6,56,0
6,56.5,0
6,57,0
6,57.5,0
6,58,0
6,58.5,0
6,59,0
6,59.5,1
6,60,1
6,60.5,1
6,61,1
6,61.5,1
6,62,1
6,62.5,1
6,63,1
6,63.5,0
6,64,0
6,64.5,0
6,65,0
6,65.5,0
6,66,0
6,66.5,0
6,67.5,0
6,68,0
6,68.5,0
6,69,0
6,69.5,0
6,70,0
6,70.5,0
6,71,0
6,71.5,0
6,72,0
6,72.5,0
6,73,0
6,73.5,0
6,74,0
6,75.5,0
6,76,0
6,76.5,0
6,77,0
6,77.5,0
6,78,0
6,78.5,0
6,79,0
6,79.5,0
6,80,0
6,80.5,0
6,81,0
6,81.5,0
6,82,0
6,82.5,0
6,83,0
6,83.5,0
7,0,0
7,0.5,0
7,1,0
7,1.5,0
7,2,0
7,2.5,0
7,3,0
7,3.5,0
7,4,0
7,4.5,0
7,5,0
7,5.5,0
7,6,0
7,6.5,0
7,7,0
7,7.5,0
7,8,0
7,8.5,0
7,9,0
7,9.5,0
7,10,0
7,10.5,0
7,11,0
7,11.5,0
7,12,0
7,12.5,0
7,13,1
7,13.5,1
7,14,1
7,14.5,1
7,15,1
7,15.5,1
7,16,1
7,16.5,0
7,17,0
7,17.5,0
7,18,0
7,18.5,0
7,19,0
7,19.5,0
7,20,0
7,20.5,0
7,21,0
7,21.5,0
7,22,0
7,22.5,0
7,23,0
7,23.5,0
7,24,0
7,24.5,0
7,25,0
7,25.5,0
7,26,0
7,26.5,1
7,27,1
7,27.5,1
7,28,1
7,28.5,0
7,29,0
7,29.5,0
7,30,0
7,30.5,0
7,31,0
7,31.5,0
7,32,0
7,32.5,0
7,33,0
7,33.5,0
7,34,0
7,34.5,0
7,35,0
7,35.5,0
7,36,0
7,36.5,0
7,37,0
7,37.5,1
7,38,1
7,38.5,1
7,39,1
7,39.5,1
7,40,1
7,40.5,1
7,41,1
7,41.5,1
7,42,1
7,42.5,1
7,43,1
7,43.5,1
7,44,1
7,44.5,1
7,45,1
7,45.5,1
7,46,1
7,46.5,1
7,47,1
7,47.5,0
7,48,0
7,48.5,0
7,49,0
7,49.5,0
7,50,0
7,50.5,0
7,51,0
7,52.5,0
7,53,0
7,53.5,0
7,54,0
7,54.5,0
7,55,0
7,55.5,0
7,56,0
7,56.5,0
7,57,0
7,57.5,0
7,58,0
7,58.5,0
8,0,0
8,0.5,0
8,1,0
8,1.5,0
8,2,0
8,2.5,0
8,3,0
8,3.5,0
8,4,0
8,4.5,0
8,5,0
8,5.5,0
8,6,0
8,6.5,0
8,7,0
8,7.5,1
8,8,1
8,8.5,1
8,9,1
8,9.5,1
8,10,1
8,10.5,1
8,11,1
8,11.5,0
8,12.5,0
8,13,0
8,13.5,0
8,14,0
8,14.5,0
8,15,0
8,15.5,0
8,16,0
8,16.5,0
8,17,0
8,17.5,0
8,18,0
8,18.5,0
8,19,0
8,19.5,0
8,20,0
8,20.5,0
8,21,0
8,23,0
8,23.5,0
8,24,0
8,24.5,0
8,25,0
8,25.5,0
8,27.5,0
8,28,0
8,29,0
8,29.5,0
8,30,0
8,31.5,0
8,32,0
8,32.5,0
8,33,0
8,33.5,0
8,34,1
8,34.5,1
8,35,1
8,35.5,1
8,36,1
8,36.5,1
8,37,1
8,37.5,1
8,38,1
8,38.5,0
8,39,0
8,39.5,0
8,40,0
8,40.5,0
8,41,0
8,41.5,0
8,42.5,0
8,43,0
9,0,0
9,0.5,0
9,1,0
9,1.5,0
9,2,0
9,2.5,0
9,3,0
9,3.5,0
9,4,0
9,4.5,0
9,5,0
9,5.5,0
9,6,1
9,6.5,1
9,7,1
9,7.5,1
9,8,1
9,8.5,1
9,9,1
9,9.5,1
9,10,1
9,10.5,1
9,11,1
9,11.5,0
9,12,0
9,12.5,0
9,13,0
9,14.5,0
9,15,0
9,15.5,0
9,17,0
9,17.5,0
9,18,0
9,18.5,0
9,19,0
9,19.5,0
9,20,0
9,20.5,0
9,21,0
9,21.5,0
10,0,0
10,0.5,0
10,1,0
10,1.5,0
10,2,0
10,2.5,0
10,3,1
10,3.5,1
10,4,1
10,4.5,1
10,5.5,1
10,6,1
10,10.5,0
10,11.5,0
10,13,0
10,14.5,1
10,17,1
11,0,0
11,0.5,1
11,1,1
11,1.5,1
11,2,1
11,2.5,1
11,3,1
11,3.5,1
11,4,1
11,4.5,1
11,5,1
11,5.5,0
11,6,0
11,6.5,0
11,7,0
11,7.5,0
11,8,1
11,8.5,1
11,9,1
11,9.5,1
11,10,1
11,10.5,1
11,11,1
11,11.5,1
11,12,1
11,12.5,1
11,13,1
11,13.5,1
11,14,1
11,14.5,0
11,15,0
11,15.5,0
11,16,0
11,16.5,0
11,17,0
11,17.5,0
11,18,0
11,18.5,0
11,19,0
11,19.5,0
12,0,0
12,0.5,0
12,1,1
12,1.5,1
12,2,1
12,2.5,1
12,3,1
12,3.5,1
12,4,1
12,4.5,1
12,5,1
12,5.5,1
12,6,1
12,6.5,0
12,7,0
12,7.5,0
12,8,0
12,8.5,0
12,9,0
12,9.5,0
12,10,0
12,10.5,0
12,11,0
12,11.5,0
12,12,0
12,12.5,0
12,13,0
12,13.5,0
12,14,0
12,14.5,0
12,15,0
12,15.5,0
12,16,0
12,16.5,0
12,17,0
12,17.5,0
12,18,0
12,18.5,0
13,0,0
13,0.5,0
13,1,0
13,1.5,0
13,2,0
13,2.5,0
13,3,1
13,3.5,1
13,4,1
13,4.5,1
13,5,1
13,5.5,1
13,6,1
13,6.5,1
13,7,1
13,7.5,1
13,8,1
13,8.5,1
13,9,1
13,9.5,0
13,10,0
13,10.5,0
13,11,0
13,11.5,0
13,12,0
13,12.5,0
13,13,0
13,13.5,0
13,14,0
13,14.5,0
13,15,0
13,15.5,0
13,16,0
13,16.5,0
13,17,0
13,17.5,0
13,18,0
13,18.5,0
13,19,0
13,19.5,0
13,20,0
13,20.5,0
13,21,0
13,21.5,0
13,22,0
13,22.5,0
13,23,0
13,23.5,0
13,24,0
13,24.5,0
14,1.5,0
14,2.5,0
14,4,1
14,6.5,1
14,7,1
14,9,0
14,9.5,0
14,13,0
14,17.5,1
15,0,1
15,0.5,1
15,1,1
15,1.5,1
15,2,1
15,2.5,1
15,3,1
15,3.5,1
15,4,1
15,4.5,1
15,5,1
15,5.5,1
15,6,1
15,6.5,0
15,7,0
15,7.5,0
15,8,0
15,8.5,0
15,9,0
15,9.5,0
15,10,1
15,10.5,1
15,11,1
15,11.5,1
15,12,1
15,12.5,1
15,13,1
15,13.5,1
15,14,1
15,14.5,1
15,15,1
15,15.5,0
15,16,0
15,16.5,0
15,17,0
15,17.5,0
15,18,0
15,18.5,0
15,19,0
15,19.5,0
15,20,0
15,20.5,0
16,0,0
16,0.5,0
16,1,0
16,1.5,0
16,2,0
16,2.5,0
16,3,0
16,3.5,0
16,4,1
16,4.5,1
16,5,1
16,5.5,1
16,6,1
16,6.5,1
16,7.5,1
16,9,0
16,10,0
16,10.5,0
16,11.5,0
16,12,0
16,13,0
16,13.5,0
16,14,0
16,14.5,0
16,15,0
16,15.5,0
16,16,0
16,16.5,0
16,17,0
16,17.5,1
16,18,1
16,18.5,1
16,19,1
16,20,1
16,20.5,0
16,21,0
16,23,0
16,23.5,0
16,24,0
16,24.5,0
16,25,0
16,25.5,0
17,0,0
17,0.5,0
17,1,1
17,1.5,1
17,2,1
17,2.5,1
17,3,1
17,3.5,1
17,4,1
17,4.5,1
17,5,1
17,5.5,1
17,6,1
17,6.5,1
17,7,1
17,7.5,0
17,8,0
17,8.5,0
17,9,0
17,9.5,0
17,10,0
17,10.5,0
17,11,0
17,11.5,0
17,12,0
17,12.5,0
17,13,0
17,13.5,0
17,14,0
17,14.5,0
17,15,0
18,0,0
18,0.5,0
18,1,0
18,1.5,0
18,2,0
18,3,0
18,3.5,0
18,4,0
18,4.5,1
18,5,1
18,5.5,1
18,6,1
18,6.5,1
18,7,1
18,7.5,1
18,8,1
18,8.5,1
18,9,1
18,9.5,1
18,10,1
18,10.5,0
18,11,0
18,11.5,0
18,12,0
18,12.5,0
18,13,0
18,13.5,0
18,14,0
18,14.5,0
18,15,0
18,15.5,0
18,16,0
18,16.5,0
18,17,0
18,17.5,0
18,18,0
18,18.5,0
18,19,0
18,19.5,0
19,0,0
19,0.5,0
19,1,0
19,1.5,0
19,2,0
19,2.5,0
19,3,0
19,3.5,1
19,4,1
19,4.5,1
19,5,1
19,5.5,1
19,6,1
19,6.5,1
19,7,1
19,7.5,1
19,8,1
19,8.5,0
19,9,0
19,9.5,0
19,10,0
19,10.5,0
19,11,0
19,11.5,0
19,12,0
19,12.5,0
19,13,0
19,13.5,0
19,14,0
19,14.5,0
19,15,0
19,15.5,0
19,16,0
19,16.5,0
19,17,0
19,17.5,0
19,18,0
19,18.5,0
19,19,0
19,19.5,0
19,20,0
20,0.5,0
20,1,0
20,1.5,0
20,2,0
20,2.5,0
20,3,0
20,3.5,0
20,4,0
20,4.5,1
20,5,1
20,6,1
20,6.5,1
20,7,1
20,7.5,1
20,8,0
20,8.5,0
20,9,0
20,9.5,0
20,10,0
20,10.5,0
20,11,0
20,11.5,0
20,12,0
20,12.5,0
20,13.5,0
20,14.5,0
20,15,0
20,15.5,0
20,16,0
20,16.5,0
20,17,0
20,19,0
20,19.5,0
20,20.5,0
20,21,0
21,0.5,0
21,1,0
21,1.5,0
21,2,0
21,3.5,0
21,4.5,0
21,5,0
21,5.5,0
21,6,0
21,6.5,0
21,7,1
21,10.5,1
21,11,1
21,11.5,1
21,13,1
21,13.5,0
21,14,0
21,16.5,0
21,17,0
21,17.5,0
21,19,0
22,0,0
22,1,0
22,1.5,0
22,2,0
22,2.5,0
22,3,0
22,3.5,0
22,4,0
22,4.5,0
22,5,0
22,5.5,0
22,6,0
22,6.5,0
22,7,0
22,7.5,0
22,8,0
22,8.5,0
22,9,0
22,9.5,0
22,10,0
22,10.5,0
22,11,0
22,11.5,0
22,12,0
22,12.5,0
22,13,0
22,13.5,0
22,14,0
22,14.5,0
22,15,0
22,15.5,0
22,16,1
22,16.5,1
22,17,1
22,17.5,1
22,18,1
22,18.5,1
22,19,1
22,19.5,1
22,20,1
22,20.5,1
22,21,0
22,21.5,0
22,22,0
22,22.5,0
22,23,0
22,23.5,0
22,24,0
22,24.5,0
22,25,0
22,25.5,0
22,26,0
22,26.5,0
22,27,0
22,27.5,0
22,28,0
22,28.5,0
22,29,0
22,29.5,0
22,30,0
22,30.5,0
22,31,1
22,31.5,1
22,32,1
22,32.5,1
22,33,1
22,33.5,1
22,34,1
22,34.5,1
22,35,0
22,35.5,0
22,36,0
22,36.5,0
22,37,0
22,37.5,0
22,38,0
22,38.5,0
22,39,0
22,39.5,0
22,40,0
22,40.5,0
22,41,0
22,41.5,0
22,42,0
22,42.5,0
22,43,0
22,43.5,0
22,44,1
22,44.5,1
22,45,1
22,45.5,1
22,46,1
22,46.5,1
22,47,1
22,47.5,1
22,48,1
22,48.5,1
22,49,1
22,49.5,0
22,50,0
22,50.5,0
22,51,0
22,51.5,0
22,52,0
22,52.5,0
22,53,0
22,53.5,0
22,54,0
22,54.5,0
22,55,0
22,55.5,0
22,56,0
22,56.5,0
22,57,0
22,57.5,0
22,58,0
22,58.5,0
22,59,0
22,59.5,0
22,60,0
22,60.5,0
22,61,0
22,61.5,0
22,62,1
22,62.5,1
22,63,1
22,63.5,1
22,64,1
22,64.5,0
22,65,0
22,65.5,0
22,66,0
22,66.5,0
22,67,0
22,67.5,0
22,68,0
22,68.5,0
22,69,0
22,69.5,0
23,0,0
23,0.5,0
23,1,0
23,1.5,0
23,2,0
23,2.5,0
23,3,0
23,3.5,0
23,4,0
23,4.5,0
23,5,0
23,5.5,0
23,6,0
23,6.5,0
23,7,0
23,7.5,0
23,8,0
23,8.5,0
23,9,0
23,9.5,0
23,10,0
23,10.5,0
23,11,0
23,11.5,0
23,12,0
23,12.5,0
23,13,0
23,13.5,0
23,14,0
23,14.5,0
23,15,0
23,15.5,0
23,16,0
23,16.5,0
23,17,0
23,17.5,0
23,18,0
23,18.5,0
23,19,0
23,19.5,0
23,20,0
23,20.5,0
23,21,0
23,21.5,0
23,22,0
23,22.5,0
23,23,0
23,23.5,0
23,24,0
23,24.5,1
23,25,1
23,25.5,1
23,26,1
23,26.5,1
23,27,1
23,27.5,1
23,28,1
23,28.5,1
23,29,1
23,29.5,1
23,30,1
23,30.5,1
23,31,1
23,31.5,1
23,32,1
23,32.5,0
23,33,0
23,33.5,0
23,34,0
23,34.5,0
23,35,0
23,35.5,0
23,36,0
23,36.5,0
23,37,0
23,37.5,0
23,38,0
23,38.5,0
23,39,0
23,39.5,0
23,40,0
23,40.5,0
23,41,0
23,41.5,0
23,42,0
23,42.5,0
23,43,0
23,43.5,0
23,44,0
23,44.5,0
23,45,0
23,45.5,0
23,46,0
23,46.5,0
23,47,0
23,47.5,0
23,48,0
23,48.5,0
23,49,0
23,49.5,0
23,50,0
23,50.5,0
23,51,0
23,51.5,0
23,52,0
23,52.5,0
23,53,1
23,53.5,1
23,54,1
23,54.5,1
23,55,1
23,55.5,1
23,56,1
23,56.5,1
23,57,1
23,57.5,1
23,58,1
23,58.5,1
23,59,1
23,59.5,1
23,60,1
23,60.5,0
23,61,0
23,61.5,0
23,62,0
23,62.5,0
23,63,0
23,63.5,0
23,64,0
23,64.5,0
23,65,0
23,65.5,0
23,66,0
23,66.5,0
23,67,0
23,67.5,0
23,68,0
23,68.5,0
23,69,0
23,69.5,0
23,70,0
23,70.5,0
23,71,0
23,71.5,0
23,72,0
23,72.5,0
23,73,0
23,73.5,0
23,74,0
23,74.5,0
23,75,0
23,75.5,0
23,76,0
23,76.5,0
23,77,0
23,77.5,0
23,78,1
23,78.5,1
23,79,1
23,79.5,1
23,80,1
23,80.5,1
23,81,1
23,81.5,1
23,82,1
23,82.5,1
23,83,1
23,83.5,1
23,84,1
23,84.5,1
23,85,1
23,85.5,1
23,86,1
23,86.5,1
23,87,1
23,87.5,0
23,88,0
23,88.5,0
23,89,0
23,89.5,0
23,90,0
23,90.5,0
23,91,0
24,0,0
24,0.5,0
24,1,1
24,1.5,1
24,2,1
24,2.5,1
24,3,1
24,3.5,1
24,4,1
24,4.5,1
24,5,1
24,5.5,0
24,6,0
24,6.5,0
24,7,0
24,7.5,0
24,8,0
24,8.5,0
24,9,0
24,9.5,0
24,10,0
24,10.5,0
24,11,0
24,11.5,0
24,12,0
24,12.5,0
25,0,0
25,0.5,0
25,1,0
25,1.5,0
25,2,0
25,2.5,0
25,3,0
25,3.5,0
25,4,0
25,4.5,0
25,5,0
25,5.5,0
25,6,0
25,6.5,0
25,7,0
25,7.5,0
25,8,0
25,8.5,0
25,9,0
25,9.5,0
25,10,0
25,10.5,0
25,11,0
25,11.5,0
25,12,0
25,12.5,0
25,13,0
25,13.5,0
25,14,0
25,14.5,0
25,15,0
25,15.5,0
25,16,0
25,16.5,0
25,17,0
25,17.5,0
25,18,0
25,18.5,0
25,19,0
25,19.5,0
25,20,0
25,20.5,0
25,21,0
25,21.5,0
25,22,0
25,22.5,0
25,23,1
25,23.5,1
25,24,1
25,24.5,1
25,25,1
25,25.5,1
25,26,1
25,26.5,1
25,27,1
25,27.5,1
25,28,1
25,28.5,1
25,29,1
25,29.5,0
25,30,0
25,30.5,0
25,31,0
25,31.5,0
25,32,0
25,32.5,0
25,33,0
25,33.5,0
25,34,0
25,34.5,0
25,35,0
25,35.5,0
25,36,0
25,36.5,0
25,37,0
25,37.5,0
25,38,0
25,38.5,0
25,39,0
25,39.5,0
25,40,0
25,40.5,0
25,41,0
25,41.5,0
25,42,0
25,42.5,0
25,43,0
25,43.5,0
25,44,0
25,44.5,0
25,45,0
25,45.5,0
25,46,0
25,46.5,0
25,47,0
25,47.5,0
25,48,0
25,48.5,0
25,49,0
25,49.5,0
25,50,0
25,50.5,0
25,51,1
25,51.5,1
25,52,1
25,52.5,1
25,53,1
25,53.5,1
25,54,1
25,54.5,1
25,55,1
25,55.5,1
25,56,1
25,56.5,1
25,57,1
25,57.5,0
25,58,0
25,58.5,0
25,59,0
25,59.5,0
25,60,0
25,60.5,0
25,61,0
25,61.5,0
25,62,0
25,62.5,0
25,63,0
25,63.5,0
25,64,0
25,64.5,0
25,65,0
25,65.5,0
25,66,0
25,66.5,0
25,67,0
25,67.5,0
25,68,0
25,68.5,0
25,69,0
25,69.5,0
25,70,0
25,70.5,0
25,71,0
25,71.5,0
25,72,0
25,72.5,0
25,73,0
25,73.5,0
25,74,0
25,74.5,0
25,75,1
25,75.5,1
25,76,1
25,76.5,1
25,77,1
25,77.5,1
25,78,1
25,78.5,1
25,79,1
25,79.5,1
25,80,1
25,80.5,1
25,81,1
25,81.5,0
25,82,0
25,82.5,0
25,83,0
25,83.5,0
25,84,0
25,84.5,0
25,85,0
25,85.5,0
26,0,0
26,0.5,0
26,1,0
26,1.5,0
26,2,0
26,2.5,0
26,3,0
26,3.5,0
26,4,1
26,4.5,1
26,5,1
26,5.5,0
26,6,0
26,6.5,0
26,7,0
26,7.5,0
26,8.5,1
26,9,1
26,9.5,1
26,10,1
26,10.5,1
26,11,1
26,11.5,1
26,12,1
26,12.5,0
26,13,0
26,13.5,0
26,14,0
26,14.5,0
27,0,0
27,0.5,0
27,1,0
27,1.5,0
27,2,0
27,2.5,0
27,3,0
27,3.5,0
27,4,0
27,4.5,0
27,5,0
27,5.5,0
27,6,0
27,6.5,0
27,7,0
27,7.5,0
27,8,0
27,8.5,0
27,9,1
27,9.5,1
27,10,1
27,10.5,1
27,11,1
27,11.5,0
27,12,0
27,12.5,0
27,13,0
27,13.5,0
27,14,0
27,14.5,0
27,15,0
27,15.5,0
27,16,0
27,16.5,0
27,17,0
27,17.5,0
27,18,0
27,18.5,0
27,19,0
27,19.5,1
27,20,1
27,20.5,1
27,21,1
27,21.5,1
27,22,1
27,22.5,1
27,23,1
27,23.5,1
27,24,1
27,24.5,0
27,25,0
27,25.5,0
27,26,0
27,26.5,0
27,27,0
27,27.5,0
27,28,0
27,28.5,0
27,29,0
27,29.5,0
27,30,0
27,30.5,0
27,31,0
27,31.5,0
27,32,0
27,32.5,0
27,33,0
27,33.5,0
27,34,0
27,34.5,0
27,35,0
27,35.5,0
27,36,0
27,36.5,0
27,37,0
27,37.5,0
27,38,0
27,38.5,0
27,39,0
27,39.5,0
27,40,0
27,40.5,0
27,41,0
27,41.5,0
27,42,0
27,42.5,0
27,43,0
27,43.5,0
27,44,0
27,44.5,0
27,45,0
27,45.5,0
27,46,0
27,46.5,0
27,47,0
27,47.5,0
27,48,0
27,48.5,0
27,49,0
27,49.5,0
27,50,0
27,50.5,0
27,51,0
27,51.5,0
27,52,0
27,52.5,0
27,53,0
27,53.5,0
27,54,0
27,54.5,0
27,55,0
27,55.5,0
27,56,0
27,56.5,0
27,57,0
27,57.5,0
27,58,1
27,58.5,1
27,59,1
27,59.5,1
27,60,1
27,60.5,1
27,61,1
27,61.5,1
27,62,1
27,62.5,0
27,63,0
27,63.5,0
27,64,0
27,64.5,0
27,65,0
27,65.5,0
27,66,0
27,66.5,0
27,67,0
27,67.5,0
27,68,0
27,68.5,0
27,69,0
27,69.5,0
27,70,0
27,70.5,0
27,71,0
27,71.5,0
27,72,0
27,72.5,0
28,0,0
28,0.5,0
28,1,0
28,1.5,0
28,2,0
28,2.5,0
28,3,0
28,3.5,0
28,4,0
28,4.5,0
28,5,0
28,5.5,0
28,6,0
28,6.5,0
28,7,0
28,7.5,0
28,8,0
28,8.5,0
28,9,0
28,9.5,0
28,10,0
28,10.5,0
28,11,1
28,11.5,1
28,12,1
28,12.5,1
28,13,1
28,13.5,1
28,14,1
28,14.5,1
28,15,1
28,15.5,1
28,16,1
28,16.5,0
28,17,0
28,17.5,0
28,18,0
28,18.5,0
28,19,0
28,19.5,0
29,0,0
29,0.5,0
29,1,0
29,1.5,0
29,2,0
29,2.5,0
29,3,0
29,3.5,0
29,4,0
29,4.5,0
29,5,0
29,5.5,0
29,6,0
29,6.5,0
29,7,0
29,7.5,0
29,8,0
29,9,0
29,9.5,0
29,10,0
29,11,0
29,11.5,0
29,12,0
29,12.5,0
29,13,0
29,13.5,0
29,14,0
29,14.5,0
29,15.5,0
29,16,0
29,16.5,0
29,17,0
29,17.5,0
29,18,0
29,18.5,0
29,19.5,0
29,20,0
29,20.5,0
29,21,0
29,21.5,0
29,23,0
29,23.5,0
29,24,0
29,24.5,0
29,25,0
29,25.5,0
29,26,0
29,26.5,0
29,27,0
29,27.5,0
29,28,0
29,28.5,0
29,29,0
29,29.5,0
29,30,0
29,30.5,0
29,31,0
29,31.5,0
29,32,0
29,32.5,0
29,33,0
29,33.5,0
29,34,0
29,34.5,0
29,35,1
29,35.5,1
29,36,1
29,36.5,1
29,37,1
29,37.5,1
29,38,1
29,38.5,1
29,39,1
29,39.5,1
29,40,1
29,40.5,0
29,41,0
29,41.5,0
29,42,0
29,42.5,0
29,43,0
29,44,0
29,44.5,0
29,45.5,0
29,46,0
29,46.5,0
29,47,0
29,47.5,0
29,48,0
29,49,1
29,49.5,1
29,50,1
29,50.5,1
29,51,1
29,51.5,1
29,52,1
29,52.5,1
29,53,1
29,53.5,1
29,54,1
29,54.5,1
29,55,1
29,55.5,1
29,56.5,0
29,57,0
29,57.5,0
29,58,0
29,58.5,0
29,59,0
29,59.5,0
29,60,0
29,61,0
29,61.5,0
29,62,0
29,62.5,0
29,63,0
29,63.5,0
29,64,0
29,64.5,0
29,65,0
29,66,0
29,66.5,0
29,67,1
29,67.5,1
29,68,1
29,68.5,1
29,69,1
29,69.5,1
29,70,1
29,70.5,1
29,71,1
29,71.5,1
29,72,1
29,72.5,1
29,73,1
29,73.5,0
29,74,0
29,75,0
29,76,0
29,76.5,0
29,77,0
29,77.5,0
29,78,0
29,78.5,0
30,0,0
30,1,0
30,1.5,0
30,2,0
30,2.5,0
30,3,1
30,3.5,1
30,4.5,1
30,9,1
30,9.5,1
30,10,1
30,10.5,0
30,11,0
30,12,0
30,12.5,0
30,13,0
30,13.5,0
30,14,0
31,0,0
31,0.5,0
31,1,0
31,1.5,0
31,2,0
31,2.5,0
31,3,0
31,3.5,0
31,4,0
31,4.5,0
31,5,0
31,5.5,0
31,6,0
31,6.5,0
31,7,0
31,7.5,0
31,8,0
31,8.5,0
31,9,0
31,9.5,0
31,10,0
31,10.5,0
31,11,0
31,11.5,0
31,12,0
31,12.5,0
31,13,0
31,13.5,0
31,14,1
31,14.5,1
31,15,1
31,15.5,1
31,16,1
31,16.5,1
31,17,1
31,17.5,1
31,18,1
31,18.5,1
31,19,1
31,19.5,0
31,20,0
31,20.5,0
31,21,0
31,21.5,0
31,22,0
31,22.5,0
31,23,0
31,23.5,0
31,24,0
31,24.5,0
31,25,0
31,25.5,0
31,26,0
31,26.5,0
31,27,0
31,27.5,0
31,28,0
31,28.5,0
31,29,0
31,29.5,0
31,30,0
31,30.5,0
31,31,0
31,31.5,0
31,32,0
31,32.5,0
31,33,0
31,33.5,0
31,34,0
31,34.5,0
31,35,0
31,35.5,0
31,36,0
31,36.5,0
31,37,0
31,37.5,0
31,38,0
31,38.5,0
31,39,1
31,39.5,1
31,40,1
31,40.5,1
31,41,1
31,41.5,1
31,42,1
31,42.5,1
31,43,1
31,43.5,1
31,44,1
31,44.5,1
31,45,1
31,45.5,0
31,46,0
31,46.5,0
31,47,0
31,47.5,0
31,48,0
31,48.5,0
31,49,0
31,49.5,0
31,50,0
31,50.5,0
31,51,0
31,51.5,0
31,52,0
31,52.5,0
31,53,0
31,53.5,0
31,54,0
31,54.5,0
31,55,0
31,55.5,0
31,56,0
31,56.5,0
31,57,0
31,57.5,0
31,58,0
31,58.5,0
31,59,0
31,59.5,0
31,60,0
31,60.5,0
31,61,0
31,61.5,0
31,62,0
31,62.5,0
31,63,0
31,63.5,0
31,64,0
31,64.5,0
31,65,0
31,65.5,0
31,66,1
31,66.5,1
31,67,1
31,67.5,1
31,68,1
31,68.5,1
31,69,1
31,69.5,1
31,70,1
31,70.5,1
31,71,1
31,71.5,0
31,72,0
31,72.5,0
31,73,0
31,73.5,0
31,74,0
31,74.5,0
31,75,0
31,75.5,0
31,76,0
31,76.5,0
31,77,0
31,77.5,0
31,78,0
31,78.5,0
31,79,0
31,79.5,0
31,80,0
31,80.5,0
31,81,0
31,81.5,0
31,82,0
31,82.5,0
31,83,0
31,83.5,0
31,84,0
31,84.5,0
31,85,0
31,85.5,0
31,86,0
31,86.5,0
31,87,0
31,87.5,0
31,88,0
31,89,1
31,89.5,1
31,90,1
31,90.5,1
31,91,1
31,91.5,1
31,92,1
31,92.5,1
31,93,1
31,93.5,1
31,94,1
31,94.5,1
31,95,1
31,95.5,1
31,96,1
31,96.5,1
31,97,1
31,97.5,0
31,98,0
31,98.5,0
31,99,0
31,99.5,0
31,100,0
31,100.5,0
31,101,0
31,101.5,0
32,0,0
32,0.5,0
32,1,0
32,1.5,0
32,2,1
32,2.5,1
32,5.5,1
32,6,0
32,6.5,0
32,7,0
32,7.5,0
32,8,0
32,8.5,0
32,9,0
32,9.5,0
32,10.5,0
32,11,0
32,11.5,0
32,12,0
32,12.5,0
32,13,0
32,13.5,0
32,14,0
32,14.5,0
32,15,0
32,15.5,0
32,16.5,0
32,17,0
32,17.5,0
32,18,0
32,18.5,0
32,19,0
32,19.5,0
33,0,0
33,0.5,0
33,1,0
33,1.5,0
33,2,0
33,2.5,0
33,3,0
33,3.5,0
33,4,0
33,4.5,0
33,5,0
33,5.5,0
33,6,0
33,6.5,0
33,7,0
33,7.5,0
33,8,0
33,8.5,0
33,9,0
33,9.5,0
33,10,0
33,11,0
33,11.5,0
33,12,0
33,12.5,0
33,13,0
33,13.5,0
33,14,1
33,14.5,1
33,15,1
33,15.5,1
33,16,1
33,16.5,1
33,17,1
33,17.5,0
33,18,0
33,18.5,0
33,19,0
33,19.5,0
33,20,0
33,20.5,0
33,21,0
33,21.5,0
33,22,0
33,22.5,0
33,23,0
33,23.5,0
33,24,0
33,24.5,0
33,25,0
33,25.5,0
33,26,1
33,26.5,1
33,27,1
33,27.5,1
33,28,1
33,28.5,1
33,29,1
33,29.5,0
33,30,0
33,30.5,0
33,31,0
33,31.5,0
33,32,0
33,32.5,0
33,33,0
33,33.5,0
33,35.5,0
33,36,0
33,36.5,0
33,37,0
33,37.5,0
33,38,0
33,38.5,0
33,39,0
33,39.5,0
33,40,0
33,40.5,0
33,41,1
33,41.5,1
33,42,1
33,42.5,1
33,43,1
33,43.5,1
33,44,1
33,44.5,1
33,45,1
33,45.5,1
33,46,1
33,46.5,0
33,47,0
33,47.5,0
33,48,0
33,48.5,0
33,49,0
33,49.5,0
33,50,0
33,50.5,0
33,51,0
33,51.5,0
33,52,0
33,52.5,0
33,53,0
33,53.5,0
33,54,0
34,0,0
34,0.5,0
34,1,1
34,1.5,1
34,2,1
34,2.5,1
34,3,1
34,3.5,1
34,4,1
34,4.5,1
34,5,1
34,5.5,1
34,6,1
34,6.5,0
34,7,0
34,7.5,0
34,8,0
34,8.5,0
34,9,0
34,9.5,0
34,10,0
34,10.5,0
34,11,0
34,11.5,0
34,12,0
34,12.5,0
34,13,0
34,13.5,0
34,14,0
35,0,0
35,0.5,0
35,1,0
35,1.5,0
35,2,0
35,2.5,0
35,3,1
35,3.5,1
35,4,1
35,4.5,1
35,5,1
35,5.5,1
35,6,1
35,6.5,1
35,7,1
35,7.5,1
35,12.5,0
35,13,0
35,14,0
35,14.5,0
35,15,0
35,15.5,0
35,16,0
35,16.5,0
35,17,0
35,17.5,0
35,18,0
35,18.5,0
36,0,1
36,0.5,1
36,1,1
36,1.5,1
36,3,1
36,3.5,1
36,4,1
36,4.5,1
36,5,1
36,6,1
36,6.5,1
36,7,1
36,7.5,1
36,8,1
36,8.5,0
36,9,0
36,9.5,0
37,0,0
37,0.5,0
37,1,0
37,1.5,0
37,2,0
37,2.5,0
37,3,1
37,3.5,1
37,4,1
37,4.5,1
37,5.5,1
37,6,1
37,10.5,0
37,11.5,0
37,13,0
37,14.5,1
37,17,1
38,0,0
38,0.5,0
38,1,0
38,1.5,0
38,3,1
38,3.5,1
38,4,1
38,4.5,1
38,5,1
38,5.5,1
38,6,1
38,6.5,1
38,7,1
38,7.5,0
38,8,0
38,8.5,0
38,9,0
38,9.5,0
38,10,0
38,10.5,0
38,11,0
38,11.5,0
38,12,0
38,12.5,0
38,13,0
38,13.5,0
38,14,1
38,14.5,1
38,15,1
38,15.5,1
38,16,1
38,16.5,1
38,17,1
38,17.5,1
38,18,1
38,18.5,1
38,19,1
38,19.5,0
38,20,0
38,20.5,0
38,21,0
38,21.5,0
38,22,0
38,22.5,0
38,23,0
39,0,1
39,0.5,1
39,1.5,1
39,2,1
39,2.5,0
39,3,0
39,3.5,0
39,4,0
39,4.5,1
39,5,1
39,5.5,1
39,6,1
39,6.5,0
39,7,0
39,7.5,0
39,8,0
39,8.5,0
39,9,0
39,9.5,0
39,10,0
39,10.5,0
39,11,0
39,11.5,0
39,12,0
39,12.5,0
39,13,0
40,0,1
40,0.5,1
40,1,1
40,1.5,1
40,2,1
40,2.5,1
40,3,1
40,3.5,1
40,4,1
40,4.5,0
40,5,0
40,5.5,0
40,6,0
40,6.5,0
40,7,0
40,7.5,0
40,8,0
40,8.5,0
40,9,0
40,9.5,0
40,10,0
40,10.5,1
40,11,1
40,11.5,1
40,12,1
40,12.5,1
40,13,1
40,13.5,1
40,14,1
40,14.5,1
40,15,1
40,15.5,1
40,16,1
40,16.5,0
40,17,0
40,17.5,0
40,18,0
40,18.5,0
40,19,0
40,19.5,0
40,20,0
40,20.5,0
40,21,0
41,1.5,0
41,2.5,0
41,4,1
41,6.5,1
41,7,1
41,9,0
41,9.5,1
41,13,1
41,17.5,0
42,0,0
42,0.5,0
42,1,0
42,1.5,0
42,2,0
42,2.5,0
42,3,0
42,3.5,0
42,4,0
42,4.5,0
42,5,0
42,5.5,0
42,6,0
42,6.5,0
42,7,0
42,7.5,0
42,8,0
42,9,0
42,9.5,0
42,10,0
42,11,0
42,11.5,0
42,12,0
42,12.5,0
42,13,0
42,13.5,0
42,14,0
42,14.5,0
42,15.5,0
42,16,0
42,16.5,0
42,17,0
42,17.5,0
42,18,0
42,18.5,0
42,19.5,0
42,20,0
42,20.5,0
42,21,0
42,21.5,0
42,23,0
42,23.5,0
42,24,0
42,24.5,0
42,25,0
42,25.5,0
42,26,0
42,26.5,0
42,27,0
42,27.5,0
42,28,0
42,28.5,0
42,29,0
42,29.5,0
42,30,0
42,30.5,0
42,31,0
42,31.5,0
42,32,0
42,32.5,0
42,33,0
42,33.5,0
42,34,0
42,34.5,1
42,35,1
42,35.5,1
42,36,1
42,36.5,1
42,37,1
42,37.5,1
42,38,1
42,38.5,1
42,39,1
42,39.5,1
42,40,1
42,40.5,0
42,41,0
42,41.5,0
42,42,0
42,42.5,0
42,43,0
42,44,0
42,44.5,0
42,45.5,0
42,46,0
42,46.5,0
42,47,0
42,47.5,0
42,48,0
42,49,1
42,49.5,1
42,50,1
42,50.5,1
42,51,1
42,51.5,1
42,52,1
42,52.5,1
42,53,1
42,53.5,1
42,54,1
42,54.5,1
42,55,1
42,55.5,0
42,56.5,0
42,57,0
42,57.5,0
42,58,0
42,58.5,0
42,59,0
42,59.5,0
42,60,0
42,61,0
42,61.5,0
42,62,0
42,62.5,0
42,63,0
42,63.5,0
42,64,0
42,64.5,0
42,65,0
42,66,0
42,66.5,0
42,67,1
42,67.5,1
42,68,1
42,68.5,1
42,69,1
42,69.5,1
42,70,1
42,70.5,1
42,71,1
42,71.5,1
42,72,1
42,72.5,1
42,73,1
42,73.5,0
42,74,0
42,75,0
42,76,0
42,76.5,0
42,77,0
42,77.5,0
42,78,0
42,78.5,0
43,0,0
43,0.5,0
43,1,0
43,1.5,0
43,2,0
43,2.5,0
43,3,0
43,3.5,0
43,4,0
43,4.5,0
43,5,0
43,5.5,0
43,6,0
43,6.5,0
43,7,0
43,7.5,0
43,8,0
43,8.5,0
43,9,0
43,10,0
43,10.5,0
43,11,1
43,11.5,1
43,12,1
43,12.5,1
43,13,1
43,13.5,1
43,14,1
43,14.5,1
43,15,1
43,15.5,0
43,16,0
43,16.5,0
43,17,0
43,17.5,0
43,18,0
43,18.5,0
43,19,0
43,19.5,0
43,20,0
43,20.5,0
43,21,0
43,21.5,0
43,22,0
43,22.5,0
43,23,0
43,23.5,0
43,24,0
43,24.5,0
43,25,0
43,25.5,0
43,26,0
43,26.5,0
43,27,1
43,27.5,1
43,28,1
43,28.5,1
43,29,1
43,29.5,1
43,30,1
43,30.5,1
43,31,1
43,31.5,1
43,32,1
43,32.5,1
43,33,1
43,33.5,0
43,34,0
43,34.5,0
43,35,0
43,35.5,0
43,36,0
43,36.5,0
43,37,0
43,37.5,0
43,38,0
43,38.5,0
43,39,0
43,39.5,0
43,40,0
43,40.5,0
43,41,0
43,41.5,0
43,42,0
43,42.5,0
43,43,0
43,43.5,0
43,44,0
43,44.5,0
43,45,0
43,45.5,0
43,46,0
43,46.5,0
43,47,0
43,47.5,0
43,48,0
43,48.5,0
43,49,1
43,49.5,1
43,50,1
43,50.5,1
43,51,1
43,51.5,1
43,52,1
43,52.5,1
43,53,1
43,53.5,1
43,54,1
43,54.5,0
43,55,0
43,55.5,0
43,56,0
43,56.5,0
43,57,0
43,57.5,0
43,58,0
43,58.5,0
43,59,0
43,59.5,0
43,60,0
43,60.5,0
43,61,0
43,61.5,0
43,62,0
43,62.5,0
43,63,0
43,63.5,0
43,64,0
43,64.5,0
43,65,0
43,65.5,0
43,66,0
43,66.5,0
44,0,0
44,0.5,0
44,1,0
44,1.5,0
44,2,0
44,2.5,0
44,3,0
44,3.5,0
44,4,0
44,4.5,0
44,5,0
44,5.5,0
44,6,0
44,6.5,0
44,7,0
44,7.5,0
44,8,0
44,8.5,0
44,9,0
44,9.5,0
44,10,0
44,10.5,0
44,11,0
44,11.5,0
44,12,0
44,12.5,0
44,13,0
44,13.5,0
44,14,0
44,14.5,0
44,15,0
44,15.5,0
44,16,0
44,16.5,0
44,17,0
44,17.5,0
44,18,0
44,18.5,0
44,19,0
44,19.5,0
44,20,0
44,20.5,0
44,21,0
44,21.5,0
44,22,0
44,22.5,0
44,23,0
44,23.5,0
44,24,0
44,24.5,0
44,25,0
44,25.5,0
44,26,0
44,26.5,0
44,27,0
44,27.5,0
44,28,0
44,28.5,0
44,29,0
44,29.5,0
44,30,0
44,30.5,0
44,31,0
44,31.5,0
44,32,0
44,32.5,0
44,33,1
44,33.5,1
44,34,1
44,34.5,1
44,35,1
44,35.5,1
44,36,1
44,36.5,0
44,37,0
44,37.5,0
44,38,1
44,38.5,1
44,39,1
44,39.5,1
44,40,1
44,40.5,0
44,41,0
44,41.5,0
44,42,0
44,42.5,0
44,43,0
44,43.5,0
44,44,0
44,44.5,0
44,45,0
44,45.5,0
44,46,0
44,46.5,0
44,47,0
44,47.5,0
44,48,0
44,48.5,0
44,49.5,0
44,50,0
44,50.5,0
44,51,0
44,51.5,0
44,52,0
44,52.5,0
44,53,0
44,53.5,0
44,54,0
44,54.5,0
44,55,0
44,55.5,0
44,56,0
44,56.5,0
44,57,0
44,57.5,0
44,58,0
44,58.5,0
44,59,0
44,59.5,0
44,60,0
44,60.5,0
44,61,0
44,61.5,0
44,62,0
44,62.5,0
44,63,0
44,63.5,0
44,64.5,0
44,65,0
44,65.5,0
44,66,0
44,66.5,0
44,67,1
44,67.5,1
44,68,1
44,68.5,1
44,69,1
44,69.5,1
44,70,1
44,70.5,0
44,71,0
44,71.5,0
44,72,0
44,72.5,0
44,73,0
44,73.5,0
44,74,0
44,74.5,0
44,75,0
44,75.5,0
44,76,0
44,76.5,0
44,77,0
44,77.5,0
44,78,0
44,78.5,0
44,79,0
44,79.5,0
45,0,0
45,0.5,0
45,1,0
45,1.5,0
45,2,0
45,2.5,0
45,3,0
45,3.5,0
45,4,0
45,4.5,0
45,5,0
45,5.5,0
45,6,0
45,6.5,0
45,7,0
45,7.5,0
45,8,0
45,8.5,0
45,9,0
45,9.5,0
45,10,0
45,10.5,0
45,11,0
45,11.5,0
45,12,0
45,12.5,0
45,13,0
45,13.5,0
45,14,1
45,14.5,1
45,15,1
45,15.5,1
45,16,1
45,16.5,1
45,17,1
45,17.5,1
45,18,1
45,18.5,1
45,19,1
45,19.5,0
45,20,0
45,20.5,0
45,21,0
45,21.5,0
45,22,0
45,22.5,0
45,23,0
45,23.5,0
45,24,0
45,24.5,0
45,25,0
45,25.5,0
45,26,0
45,26.5,0
45,27,0
45,27.5,0
45,28,0
45,28.5,0
45,29,0
45,29.5,0
45,30,0
45,30.5,0
45,31,0
45,31.5,0
45,32,0
45,32.5,0
45,33,0
45,33.5,0
45,34,0
45,34.5,0
45,35,0
45,35.5,0
45,36,0
45,36.5,0
45,37,0
45,37.5,1
45,38,1
45,38.5,1
45,39,1
45,39.5,1
45,40,1
45,40.5,1
45,41,1
45,41.5,1
45,42,1
45,42.5,0
45,43,0
45,43.5,0
45,44,0
45,44.5,0
45,45,0
45,45.5,0
45,46,0
45,46.5,0
45,47,0
45,47.5,0
45,48,0
45,48.5,0
45,49,0
45,49.5,0
45,50,0
45,50.5,0
45,51,0
45,51.5,0
45,52,1
45,52.5,1
45,53,1
45,53.5,1
45,54,1
45,54.5,1
45,55,1
45,55.5,1
45,56,1
45,56.5,1
45,57,1
45,57.5,0
45,58,0
45,58.5,0
45,59,0
45,59.5,0
45,60,0
45,60.5,0
45,61,0
45,61.5,0
45,62,0
45,62.5,0
45,63,0
45,63.5,0
45,64,0
45,64.5,0
45,65,0
45,65.5,0
45,66,0
45,66.5,0
45,67,0
45,67.5,0
45,68,0
45,68.5,0
45,69,0
45,69.5,0
45,70,0
45,70.5,0
45,71,0
45,71.5,0
45,72,0
45,72.5,0
45,73,0
45,73.5,0
45,74,0
45,74.5,0
45,75,0
45,75.5,0
45,76,0
45,76.5,0
45,77,0
45,77.5,0
45,78,0
45,78.5,0
45,79,0
45,79.5,0
46,0,0
46,0.5,0
46,1,0
46,2,0
46,2.5,0
46,3,0
46,3.5,0
46,4,0
46,4.5,0
46,5,0
46,5.5,0
46,6,0
46,6.5,0
46,7,0
46,7.5,0
46,8,0
46,8.5,0
46,9,0
46,9.5,0
46,10,0
46,10.5,0
46,11,0
46,11.5,0
46,12,0
46,12.5,0
46,13,0
46,13.5,0
46,14,0
46,14.5,0
46,15,0
46,15.5,0
46,16,0
46,16.5,0
46,17,0
46,17.5,0
46,18,0
46,18.5,0
46,19,0
46,19.5,0
46,20,0
46,20.5,0
46,21,0
46,21.5,0
46,22.5,0
46,23.5,0
46,24,0
46,25,0
46,25.5,0
46,26,0
46,26.5,0
46,27,0
46,27.5,0
46,28,0
46,28.5,0
46,29,0
46,29.5,0
46,30,0
46,30.5,0
46,31,0
46,31.5,0
46,32,0
46,32.5,0
46,33,0
46,33.5,0
46,34,0
46,34.5,0
46,35,0
46,35.5,0
46,36,0
46,36.5,0
46,37,0
46,37.5,0
46,38,0
46,38.5,0
46,39,1
46,39.5,1
46,40,1
46,40.5,1
46,41,1
46,41.5,0
46,42,0
46,42.5,0
46,43,0
46,43.5,0
46,44,0
46,44.5,0
46,45,0
46,45.5,0
46,46,0
46,46.5,0
46,47,0
46,47.5,0
46,48,0
46,48.5,0
46,49,0
46,49.5,0
46,50,0
46,50.5,0
46,51,0
46,51.5,0
46,52,0
46,52.5,0
46,53,0
46,53.5,0
46,54,0
46,54.5,0
46,55,0
46,55.5,0
46,56,0
46,56.5,1
46,57,1
46,57.5,1
46,58,1
46,58.5,1
46,59,1
46,59.5,1
46,60,1
46,60.5,1
46,61,1
46,61.5,0
46,62,0
46,62.5,0
46,63,0
46,63.5,0
46,64,0
46,64.5,0
46,65,0
46,65.5,0
46,66,0
46,66.5,0
46,67,0
46,67.5,0
46,68,0
46,68.5,0
46,69,0
46,69.5,0
46,70,0
46,70.5,0
46,71,0
46,71.5,0
46,72,0
46,72.5,0
47,0,0
47,0.5,0
47,1,0
47,1.5,0
47,2,0
47,2.5,0
47,3,0
47,3.5,0
47,4,0
47,4.5,0
47,5,0
47,5.5,0
47,6,0
47,6.5,0
47,7,0
47,7.5,0
47,8,0
47,8.5,0
47,9,0
47,9.5,0
47,10,0
47,10.5,0
47,11,0
47,11.5,0
47,12,0
47,12.5,0
47,13,0
47,13.5,0
47,14,0
47,14.5,0
47,15,0
47,15.5,0
47,16,0
47,16.5,0
47,17,0
47,17.5,0
47,18,0
47,18.5,0
47,19,0
47,19.5,0
47,20,1
47,20.5,1
47,21,1
47,21.5,1
47,22,1
47,22.5,1
47,23,1
47,23.5,1
47,24,1
47,24.5,1
47,25,1
47,25.5,0
47,26,0
47,26.5,0
47,27,0
47,27.5,0
47,28,0
47,28.5,0
47,29,0
47,29.5,0
47,30,0
47,30.5,0
47,31,0
47,31.5,0
47,32,0
47,32.5,0
47,33,0
47,33.5,1
47,34,1
47,34.5,1
47,35,1
47,35.5,1
47,36,1
47,36.5,1
47,37,1
47,37.5,0
47,38,0
47,38.5,0
47,39,0
47,39.5,0
47,40,0
47,40.5,0
47,41,0
47,41.5,0
47,42,0
47,42.5,0
47,43,0
47,43.5,0
47,44,0
47,44.5,0
47,45,0
47,45.5,0
47,46,0
47,46.5,0
47,47,0
47,47.5,0
47,48,0
47,48.5,0
47,49,0
47,49.5,0
47,50,0
47,50.5,0
47,51,0
47,51.5,0
47,52,1
47,52.5,1
47,53,1
47,53.5,1
47,54,1
47,54.5,1
47,55,1
47,55.5,1
47,56,1
47,56.5,1
47,57,1
47,57.5,0
47,58,0
47,58.5,0
47,59,0
47,59.5,0
47,60,0
47,60.5,0
47,61,0
47,61.5,0
47,62,0
47,62.5,0
47,63,0
47,63.5,0
47,64,0
47,64.5,0
47,65,0
47,65.5,0
47,66,0
47,66.5,0
47,67,0
48,0,0
48,0.5,0
48,1,0
48,1.5,0
48,2,0
48,2.5,0
48,3,0
48,3.5,0
48,4,0
48,4.5,0
48,5,0
48,5.5,0
48,6,0
48,6.5,0
48,7,0
48,7.5,0
48,8,0
48,8.5,0
48,9,0
48,9.5,0
48,10,0
48,10.5,0
48,11,0
48,11.5,0
48,12,0
48,12.5,0
48,13,0
48,13.5,0
48,14,0
48,14.5,0
48,15,0
48,16,0
48,16.5,0
48,17,0
48,17.5,0
48,18,0
48,18.5,0
48,19,0
48,19.5,0
48,20,0
48,20.5,0
48,21,0
48,21.5,0
48,22,0
48,22.5,0
48,23.5,1
48,24,1
48,24.5,1
48,25,1
48,25.5,1
48,26,1
48,26.5,0
48,27,0
48,27.5,0
48,28,0
48,28.5,0
48,29,0
48,29.5,1
48,30,1
48,30.5,1
48,31,1
48,31.5,1
48,32,1
48,32.5,0
48,33,0
48,33.5,0
48,34,0
48,34.5,0
48,35,0
48,35.5,0
48,38,0
48,38.5,0
48,39,0
48,39.5,0
48,40,0
48,40.5,0
48,41,0
48,41.5,1
48,42,1
48,42.5,1
48,43,1
48,43.5,1
48,44,1
48,44.5,0
48,45,0
48,45.5,0
48,46,0
48,46.5,0
48,47,0
48,47.5,0
48,48,0
48,48.5,0
48,49,0
48,49.5,0
48,50,0
48,50.5,0
48,51,0
48,51.5,0
48,52,0
48,52.5,0
48,53,0
48,53.5,0
48,54,0
48,54.5,0
48,55,0
48,55.5,0
48,56,0
48,56.5,1
48,57,1
48,57.5,1
48,58,1
48,58.5,1
48,59,1
48,59.5,1
48,60,1
48,60.5,0
48,61,0
48,61.5,0
48,62,0
48,62.5,0
48,63,0
48,63.5,0
48,64,0
48,64.5,0
48,65,0
49,0,0
49,0.5,0
49,1,0
49,1.5,0
49,2,0
49,2.5,0
49,3,0
49,3.5,0
49,4,0
49,4.5,0
49,6.5,0
49,7,0
49,7.5,0
49,8,0
49,8.5,0
49,9,0
49,9.5,0
49,10,0
49,10.5,0
49,11,0
49,11.5,0
49,12,0
49,12.5,0
49,13,0
49,13.5,0
49,14,0
49,14.5,0
49,15,0
49,15.5,0
49,16,0
49,17,0
49,17.5,0
49,18,0
49,18.5,0
49,19,0
49,19.5,0
49,20,0
49,20.5,0
49,21,0
49,21.5,0
49,22,0
49,22.5,0
49,23,0
49,23.5,0
49,24,0
49,24.5,0
49,25,0
49,25.5,0
49,26,0
49,26.5,0
49,27,0
49,27.5,0
49,28,0
49,28.5,0
49,29,0
49,29.5,0
49,30,0
49,30.5,0
49,31,1
49,31.5,1
49,32,1
49,32.5,1
49,33,1
49,33.5,1
49,34,1
49,34.5,1
49,35,1
49,35.5,0
49,36,1
49,36.5,1
49,37,1
49,37.5,1
49,38,1
49,38.5,0
49,39,0
49,39.5,0
49,40,0
49,40.5,0
49,41.5,0
49,42,0
49,42.5,0
49,43,0
49,43.5,0
49,44,0
49,45.5,0
49,46,0
49,46.5,0
49,47,0
49,47.5,0
49,48,0
49,48.5,0
49,49,0
49,49.5,0
49,50.5,0
49,51.5,0
49,52,0
49,52.5,0
49,53,0
49,53.5,0
49,54,0
49,54.5,0
49,56,0
49,56.5,0
49,57,0
49,57.5,0
49,58,0
49,58.5,1
49,59,1
49,59.5,1
49,60,1
49,60.5,1
49,61,1
49,61.5,1
49,62,1
49,62.5,0
49,63,0
49,63.5,0
49,64,0
49,64.5,0
49,65,0
49,65.5,0
49,66,0
49,66.5,0
49,67,0
49,67.5,0
49,68,0
49,68.5,0
49,69,0
49,69.5,0
49,70,0
49,70.5,0
49,71,0
49,71.5,0
49,72,0
49,72.5,0
50,0,0
50,0.5,0
50,1,0
50,1.5,0
50,2,0
50,2.5,0
50,3,0
50,3.5,0
50,4,0
50,4.5,0
50,5,0
50,5.5,0
50,6,0
50,6.5,0
50,7,0
50,7.5,0
50,8,0
50,8.5,1
50,9.5,1
50,10,1
50,10.5,0
50,11,0
50,11.5,0
50,12,0
50,12.5,0
50,13,0
50,15,0
50,15.5,0
50,16,0
50,16.5,0
50,17,0
50,17.5,0
50,18,0
50,18.5,0
50,19,1
50,19.5,1
50,20,1
50,20.5,1
50,21,1
50,21.5,1
50,22,1
50,22.5,0
50,23,0
50,25,0
50,25.5,0
50,26,0
50,26.5,0
50,27,0
50,27.5,0
50,28,0
50,28.5,0
50,29,0
50,29.5,0
50,30,0
50,30.5,0
50,31,0
50,31.5,0
50,32,0
50,32.5,0
50,33,0
50,33.5,0
50,34,0
50,34.5,0
50,35,0
50,35.5,0
50,36,0
50,36.5,0
50,37,0
50,37.5,0
50,38,0
50,38.5,0
50,39,0
50,39.5,0
50,40,0
50,40.5,0
50,41,0
50,41.5,0
50,42,0
50,42.5,0
50,43,0
50,43.5,0
50,44,1
50,45,1
50,45.5,1
50,46,1
50,46.5,1
50,47,1
50,47.5,1
50,48,1
50,48.5,1
50,49,1
50,50.5,0
50,51,0
50,51.5,0
50,52,0
50,52.5,0
50,53,0
50,53.5,0
50,54,0
50,54.5,0
50,55,0
50,55.5,0
50,56,0
50,56.5,0
50,57,0
50,57.5,0
50,58,0
50,58.5,0
50,59,0
50,59.5,0
50,60,0
50,60.5,0
50,61,0
50,61.5,0
50,62,0
50,62.5,0
50,63,0
50,63.5,0
50,64,0
50,64.5,0
50,65,0
50,65.5,0
50,66,0
50,66.5,0
50,67,0
50,67.5,0
50,68,0
50,68.5,0
50,69,0
50,69.5,0
50,70,0
50,70.5,0
50,71,0
50,71.5,0
50,72,0
50,72.5,0
50,73,0
50,73.5,0
50,74,0
50,74.5,0
50,75,0
50,75.5,0
50,76,0
50,76.5,0
50,77,0
50,77.5,0
50,78,0
50,78.5,0
50,79,0
50,79.5,0
50,80,0
50,80.5,0
50,81,0
50,81.5,0
50,82,0
50,82.5,0
50,83,0
51,0,0
51,0.5,0
51,1,0
51,1.5,0
51,2,0
51,2.5,0
51,3,0
51,3.5,0
51,4,0
51,4.5,0
51,5,0
51,5.5,0
51,6,0
51,6.5,0
51,7,0
51,7.5,0
51,8,0
51,8.5,0
51,9,0
51,9.5,0
51,10,0
51,10.5,0
51,11,0
51,11.5,0
51,12,1
51,12.5,1
51,13,1
51,13.5,1
51,14,1
51,14.5,1
51,15,1
51,15.5,0
51,16,0
51,16.5,0
51,17,0
51,17.5,0
51,18,0
51,18.5,0
51,19,0
51,19.5,0
51,20,0
51,20.5,0
51,21,0
51,21.5,0
51,22,0
51,22.5,0
51,23,0
51,23.5,0
51,24,0
51,24.5,0
51,25,0
51,25.5,0
51,26,0
51,26.5,0
51,27,0
51,27.5,0
51,28,0
51,28.5,0
51,29,0
51,29.5,0
51,30,0
51,30.5,0
51,31,0
51,31.5,0
51,32,1
51,32.5,1
51,33,1
51,33.5,1
51,34,1
51,34.5,1
51,35,1
51,35.5,0
51,36,0
51,36.5,0
51,37,0
51,37.5,0
51,38,0
51,38.5,0
51,39,0
51,39.5,0
51,40,0
51,40.5,0
51,41,0
51,41.5,0
51,42,0
51,42.5,0
51,43,0
51,43.5,0
51,44,0
51,44.5,0
51,45,0
51,45.5,0
51,46,0
51,46.5,0
51,47,0
51,47.5,0
51,48,0
51,48.5,0
51,49,0
51,49.5,0
52,0,0
52,0.5,0
52,1,0
52,1.5,0
52,2,0
52,2.5,0
52,3,0
52,3.5,1
52,4,1
52,4.5,1
52,5,1
52,5.5,1
52,6,1
52,6.5,1
52,7,1
52,7.5,1
52,8,1
52,8.5,0
52,9,0
52,9.5,0
52,10,0
52,10.5,0
52,11,0
52,11.5,0
52,12,1
52,12.5,1
52,13,1
52,13.5,1
52,14,1
52,14.5,1
52,15,1
52,15.5,1
52,16,1
52,16.5,1
52,17,1
52,17.5,0
52,18,0
52,18.5,0
52,19,0
52,20,0
52,21,0
52,21.5,0
52,22,0
52,22.5,0
52,23,0
52,23.5,0
52,24,0
52,24.5,0
52,25,0
52,25.5,0
52,29,1
52,29.5,1
52,30,1
52,30.5,1
52,31,1
52,31.5,1
52,32,1
52,32.5,1
52,33,1
52,33.5,1
52,34,1
52,34.5,0
52,35,0
52,35.5,0
52,36,0
52,36.5,0
52,37,0
52,37.5,0
52,38,0
52,38.5,0
52,39,0
52,39.5,0
52,40,0
52,40.5,0
52,41,0
52,41.5,0
52,42,0
52,42.5,0
52,43,0
52,43.5,0
52,44,0
52,44.5,0
52,45,0
52,45.5,0
52,46,0
52,46.5,0
52,47,0
52,47.5,0
52,48,0
52,48.5,0
52,49,0
52,49.5,0
53,0,0
53,0.5,0
53,1,0
53,1.5,0
53,2,0
53,2.5,0
53,3,0
53,3.5,0
53,4,0
53,4.5,0
53,5,0
53,5.5,0
53,6,0
53,6.5,0
53,7,0
53,7.5,0
53,8,0
53,8.5,0
53,9,0
53,9.5,0
53,10,0
53,10.5,0
53,11,0
53,11.5,0
53,12,0
53,12.5,0
53,13,0
53,13.5,0
53,14,0
53,14.5,0
53,15,0
53,15.5,0
53,16,0
53,16.5,0
53,17,0
53,17.5,0
53,18,0
53,18.5,0
53,19,0
53,19.5,0
53,20,1
53,20.5,1
53,21,1
53,21.5,1
53,22,1
53,22.5,1
53,23,1
53,23.5,0
53,24,0
53,24.5,0
53,25,0
53,25.5,0
53,26,0
53,26.5,0
53,27,0
53,27.5,0
53,28,0
53,28.5,0
53,29,0
53,29.5,0
53,30,0
53,30.5,0
53,31,0
53,31.5,0
53,32,0
53,32.5,0
53,33,0
53,33.5,0
53,34,0
53,34.5,0
53,35,0
53,35.5,0
53,36,0
53,36.5,0
53,37,0
53,37.5,0
53,38,0
53,38.5,0
53,39,0
53,39.5,0
53,40,0
53,40.5,0
53,41,0
53,41.5,0
53,42,0
53,42.5,0
53,43,1
53,43.5,1
53,44,1
53,44.5,1
53,45,1
53,45.5,1
53,46,1
53,46.5,0
53,47,0
53,47.5,0
53,48,0
53,48.5,0
53,49,0
53,49.5,0
53,50,0
53,50.5,0
53,51,0
53,51.5,0
53,52,0
53,52.5,0
53,53,0
53,53.5,0
53,54,0
53,54.5,0
53,55,0
53,55.5,0
53,56,0
53,56.5,0
53,57,0
53,57.5,0
53,58,1
53,58.5,1
53,59,1
53,59.5,1
53,60,1
53,60.5,1
53,61,1
53,61.5,0
53,62,0
53,62.5,0
53,63,0
53,63.5,0
53,64,0
53,64.5,0
53,65,0
53,65.5,0
53,66,0
53,66.5,0
53,67,0
53,67.5,0
53,68,0
53,68.5,0
53,69,0
53,69.5,0
53,70,0
53,70.5,0
53,71,0
53,71.5,0
53,72,0
53,72.5,0
53,73,0
53,73.5,0
53,74,0
53,74.5,0
53,75,0
53,75.5,0
53,76,0
53,76.5,0
53,77,0
53,77.5,0
53,78,0
53,78.5,0
53,79,0
53,79.5,0
53,80,0
53,80.5,0
53,81,0
53,81.5,0
53,82,0
53,82.5,0
53,83,0
53,83.5,0
53,84,0
53,84.5,0
53,85,0
53,85.5,0
53,86,0
53,86.5,0
53,87,0
53,87.5,0
53,88,0
53,88.5,0
53,89,0
53,89.5,0
53,90,0
53,90.5,0
53,91,0
53,91.5,0
53,92,0
53,92.5,0
53,93,0
53,93.5,0
53,94,0
53,94.5,0
53,95,0
53,95.5,0
53,96,0
53,96.5,0
53,97,0
53,97.5,0
53,98,0
53,98.5,0
53,99,0
53,99.5,0
53,100,0
53,100.5,0
53,101,0
53,101.5,0
53,102,0
53,102.5,0
53,103,0
53,103.5,0
53,104,0
53,104.5,0
53,105,0
53,105.5,0
53,106,0
53,106.5,0
53,107,0
53,107.5,0
53,108,0
53,108.5,0
53,109,0
53,109.5,0
53,110,0
53,110.5,0
53,111,0
53,111.5,0
53,112,1
53,112.5,1
53,113,1
53,113.5,1
53,114,1
53,114.5,1
53,115,1
53,115.5,0
53,116,0
53,116.5,0
53,117,0
53,117.5,0
53,118,0
53,118.5,0
53,119,0
53,119.5,0
53,120,0
53,120.5,0
54,0,0
54,0.5,0
54,1,0
54,1.5,0
54,2,0
54,2.5,0
54,3,0
54,3.5,0
54,4,0
54,4.5,0
54,5,0
54,5.5,0
54,6,0
54,6.5,0
54,7,0
54,7.5,0
54,8,0
54,8.5,0
54,9,0
54,9.5,0
54,10,0
54,10.5,0
54,11,0
54,11.5,0
54,12,0
54,12.5,0
54,13,0
54,13.5,0
54,14,0
54,14.5,0
54,15,0
54,15.5,0
54,16,0
54,16.5,0
54,17,0
54,17.5,0
54,18,0
54,18.5,0
54,19,0
54,19.5,0
54,20,0
54,20.5,0
54,21,1
54,21.5,1
54,22,1
54,22.5,1
54,23,1
54,23.5,1
54,25,1
54,25.5,0
54,26,0
54,26.5,0
54,27,0
54,27.5,0
54,28,0
54,28.5,0
54,29,0
54,29.5,0
54,30,0
54,30.5,0
54,31,0
54,31.5,0
54,32,0
54,32.5,0
54,33,0
54,33.5,0
54,34,0
54,34.5,0
54,35,1
54,35.5,1
54,36,1
54,36.5,1
54,37,1
54,37.5,1
54,38,1
54,38.5,1
54,39,1
54,39.5,0
54,40,0
54,40.5,0
54,41,0
54,41.5,0
54,42,0
54,42.5,0
54,43,0
54,43.5,0
54,44,0
54,44.5,0
54,45,1
54,45.5,1
54,46,1
54,46.5,1
54,47,1
54,48,1
54,48.5,0
54,49,0
54,49.5,0
54,50,0
54,50.5,0
54,51,0
54,51.5,0
54,52,0
54,52.5,0
54,53,0
54,53.5,0
54,54,0
54,54.5,0
54,55,0
54,55.5,0
54,56,0
54,56.5,0
54,57,0
54,57.5,0
54,58,0
54,58.5,0
54,59,0
54,59.5,0
54,60,0
54,60.5,0
54,61,0
54,61.5,0
54,62,0
54,62.5,0
54,63,0
54,63.5,0
54,64,0
54,64.5,0
54,65,0
54,65.5,0
54,66,1
54,66.5,1
54,67,1
54,67.5,1
54,68,1
54,68.5,1
54,70.5,1
54,71,1
54,71.5,0
54,72,0
54,72.5,0
54,73,0
54,73.5,0
54,74,0
54,74.5,0
54,75,0
54,75.5,0
54,76,0
54,76.5,0
55,0,0
55,0.5,0
55,1,0
55,1.5,0
55,2,0
55,2.5,0
55,3,0
55,3.5,0
55,4,0
55,4.5,0
55,5,0
55,5.5,0
55,6,0
55,6.5,0
55,7,0
55,7.5,0
55,8,0
55,8.5,0
55,9,0
55,9.5,0
55,10,0
55,10.5,0
55,11,0
55,11.5,0
55,12,0
55,12.5,0
55,13,0
55,13.5,0
55,14,0
55,14.5,0
55,15,0
55,15.5,0
55,16,0
55,16.5,0
55,17,0
55,17.5,0
55,18,0
55,18.5,0
55,19,0
55,19.5,0
55,20,0
55,20.5,0
55,21,0
55,21.5,0
55,22,0
55,22.5,0
55,23,0
55,23.5,0
55,24,1
55,24.5,1
55,25,1
55,25.5,0
55,26,0
55,26.5,0
55,27,0
55,27.5,0
55,28,0
55,28.5,0
55,29,0
55,29.5,0
55,30,0
55,30.5,0
55,31,0
55,31.5,0
55,32,0
55,32.5,0
55,33,0
55,33.5,0
55,34,0
55,34.5,0
55,35,0
55,35.5,0
55,36,0
55,36.5,0
55,37,1
55,37.5,1
55,38,1
55,38.5,1
55,39,1
55,39.5,0
55,40,0
55,40.5,0
55,41,0
55,41.5,0
55,42,0
55,42.5,0
55,43,0
55,43.5,0
55,44,0
55,44.5,0
55,45,0
55,45.5,0
55,46,0
55,46.5,0
55,47,0
55,47.5,0
55,48,0
55,48.5,0
55,49,0
55,49.5,0
55,50,0
55,50.5,0
55,51,0
56,0,0
56,0.5,0
56,1,0
56,1.5,0
56,2,0
56,2.5,0
56,3,0
56,3.5,0
56,4,0
56,4.5,0
56,5,0
56,5.5,0
56,6,0
56,6.5,0
56,7,0
56,7.5,0
56,8,0
56,8.5,0
56,9,0
56,9.5,0
56,10,0
56,10.5,0
56,11,0
56,11.5,0
56,12,0
56,12.5,0
56,13,0
56,13.5,0
56,14,0
56,14.5,0
56,15,0
56,15.5,0
56,16,0
56,16.5,0
56,17,0
56,17.5,0
56,18,0
56,18.5,0
56,19,0
56,19.5,0
56,20,0
56,20.5,0
56,21,0
56,21.5,0
56,22,0
56,22.5,0
56,23,0
56,23.5,0
56,24,0
56,24.5,0
56,25,0
56,25.5,0
56,26,0
56,26.5,0
56,27,0
56,27.5,0
56,28,0
56,28.5,0
56,29,0
56,29.5,0
56,30,0
56,30.5,0
56,31,0
56,31.5,0
56,32,0
56,32.5,0
56,33,0
56,33.5,0
56,34,0
56,34.5,0
56,35,0
56,35.5,0
56,36,0
56,36.5,0
56,37,0
56,37.5,0
56,38,0
56,38.5,0
56,39,0
56,39.5,0
56,40,0
56,40.5,0
57,0,0
57,0.5,0
57,1,0
57,1.5,0
57,2,0
57,2.5,0
57,3,0
57,3.5,0
57,4,0
57,4.5,0
57,5,0
57,5.5,0
57,6,0
57,6.5,0
57,7,0
57,7.5,0
57,8,0
57,8.5,0
57,9,0
57,9.5,0
57,10,1
57,10.5,1
57,11,1
57,11.5,1
57,12,1
57,12.5,1
57,13,1
57,13.5,0
57,14,0
57,14.5,0
57,15,0
57,15.5,0
57,16,0
57,16.5,0
57,17,0
57,17.5,0
57,18,0
57,18.5,0
57,19,0
57,19.5,0
57,20,0
57,20.5,0
57,21,0
57,21.5,0
57,22,0
57,22.5,0
57,23,0
57,23.5,0
57,24,1
57,24.5,1
57,25,1
57,25.5,1
57,26,1
57,26.5,1
57,27,1
57,27.5,1
57,28,1
57,28.5,0
57,29,0
57,29.5,0
57,30,0
57,30.5,0
57,31,0
57,31.5,0
57,32,0
57,32.5,0
57,33,0
57,33.5,0
57,34,0
57,34.5,0
57,35,0
57,35.5,0
57,36,0
57,36.5,0
57,37,0
57,37.5,0
57,38,0
57,38.5,0
57,39,0
57,39.5,0
57,40,0
57,40.5,0
57,41,0
57,41.5,0
57,42,1
57,42.5,1
57,43,1
57,43.5,1
57,44,1
57,44.5,1
57,45,1
57,45.5,1
57,46,1
57,46.5,0
57,47,0
57,47.5,0
57,48,0
57,48.5,0
57,49,0
57,49.5,0
57,50,0
57,50.5,0
57,51,0
57,51.5,0
57,52,0
57,52.5,0
57,53,0
57,53.5,0
57,54,0
57,54.5,0
57,55,0
57,55.5,0
57,56,0
58,0,0
58,0.5,0
58,1,0
58,1.5,0
58,2,0
58,2.5,0
58,3,0
58,3.5,0
58,4,0
58,4.5,0
58,5,0
58,5.5,0
58,6,0
58,6.5,0
58,7,0
58,7.5,0
58,8,0
58,8.5,0
58,9,0
58,9.5,0
58,10,0
58,10.5,0
58,11,0
58,11.5,0
58,12,0
58,12.5,0
58,13,0
58,13.5,0
58,14,0
58,14.5,0
58,15,0
58,15.5,0
58,16,0
58,16.5,0
58,17,0
58,17.5,0
58,18,0
58,18.5,0
58,19,0
58,19.5,0
58,20,0
58,20.5,0
58,21,0
58,21.5,0
58,22,0
58,22.5,0
58,23,0
58,23.5,0
58,24,0
58,24.5,0
58,25,0
58,25.5,0
58,26,0
58,26.5,0
58,27,0
58,27.5,0
58,28,0
58,28.5,0
58,29,0
58,29.5,0
58,30,0
58,30.5,0
58,31,0
58,31.5,0
58,32,0
58,32.5,0
58,33,0
58,33.5,0
58,34,0
58,34.5,0
58,35,0
58,35.5,0
58,36,0
58,36.5,0
58,37,0
58,37.5,0
58,38,0
58,38.5,0
58,39,0
58,39.5,0
58,40,0
58,40.5,0
58,41,0
58,41.5,0
58,42,0
58,42.5,0
58,43,0
58,43.5,0
58,44,0
58,44.5,0
58,45,0
58,45.5,0
58,46,0
58,46.5,0
58,47,0
58,47.5,0
58,48,0
58,48.5,0
58,49,0
58,49.5,0
58,50,0
58,50.5,0
58,51,0
58,51.5,0
58,52,0
58,52.5,0
58,53,1
58,53.5,1
58,54,1
58,54.5,1
58,55,1
58,55.5,1
58,56,1
58,56.5,0
58,57,0
58,57.5,0
58,58,0
58,58.5,0
58,59,0
58,59.5,0
58,60,0
58,60.5,0
58,61,0
58,61.5,0
58,62,0
58,62.5,0
58,63,0
58,63.5,0
58,64,0
58,64.5,0
58,65,0
58,65.5,0
58,67,0
58,67.5,0
58,68,0
58,68.5,0
58,69,0
58,69.5,0
58,70,0
58,70.5,0
58,71,0
58,71.5,0
58,72,0
58,72.5,0
58,73,0
58,73.5,0
58,74,0
58,74.5,0
58,75,0
58,75.5,0
58,76,0
58,76.5,0
58,77,0
58,77.5,0
58,78,0
58,78.5,0
58,79,0
58,79.5,0
58,80,0
58,80.5,0
58,81,0
58,81.5,0
58,82,0
58,82.5,0
59,0,0
59,0.5,0
59,1,0
59,1.5,0
59,2,0
59,2.5,0
59,3,0
59,3.5,0
59,4,0
59,4.5,0
59,5,1
59,5.5,1
59,6,1
59,6.5,1
59,7,1
59,7.5,1
59,8,1
59,8.5,0
59,9,0
59,9.5,0
59,10,0
59,10.5,0
59,11,0
59,11.5,0
59,12,0
59,12.5,0
59,13,0
59,13.5,0
59,14,0
59,14.5,0
60,0,0
60,0.5,0
60,1,1
60,1.5,1
60,2,1
60,4,1
60,5,1
60,5.5,0
60,6,0
60,6.5,0
60,7,0
60,7.5,0
60,8,0
60,8.5,0
60,9,0
60,9.5,0
60,10,0
60,10.5,0
60,11,0
60,11.5,0
60,12,0
62,11,0
62,11.5,0
62,12,0
62,12.5,0
62,13,0
62,13.5,0
62,14.5,1
62,21,0
62,21.5,0
63,0,0
63,0.5,0
63,1,0
63,1.5,0
63,2,1
63,2.5,1
63,3,1
63,4,1
63,4.5,0
63,5,0
63,5.5,0
63,7,0
63,7.5,0
63,8,0
63,8.5,0
63,9,1
63,9.5,1
63,10,1
63,10.5,1
63,11,1
63,11.5,1
63,12,1
63,12.5,1
63,13,1
63,13.5,0
63,14,0
63,14.5,0
63,15,0
64,0,0
64,6,0
64,12.5,0
64,13,1
64,13.5,1
64,14,1
64,19.5,0
64,20,0
64,20.5,0
64,21,0
64,21.5,0
64,22,0
64,22.5,0
64,23,0
64,23.5,0
64,24,0
64,24.5,0
65,0,0
65,0.5,0
65,1,1
65,1.5,1
65,2,1
65,2.5,1
65,3,1
65,4,0
65,4.5,0
65,5,0
65,5.5,0
65,6,0
65,6.5,0
65,7,1
65,7.5,1
65,8,1
65,8.5,1
65,9,1
65,9.5,1
65,10,1
65,10.5,1
65,11,1
65,11.5,0
65,12,0
65,12.5,0
65,13,0
65,13.5,0
65,14,0
66,0,0
66,0.5,0
66,1,0
66,1.5,0
66,2,0
66,2.5,0
66,3,0
66,3.5,0
66,4,0
66,4.5,1
66,5,1
66,5.5,1
66,6,1
66,6.5,1
66,7,1
66,7.5,1
66,8,1
66,8.5,1
66,9,1
66,9.5,1
66,10,1
66,10.5,1
66,11,1
66,11.5,1
66,12,1
66,12.5,0
66,13,0
66,13.5,0
66,14,0
66,14.5,0
66,15,0
66,15.5,0
66,16,0
66,16.5,1
66,17,1
66,17.5,1
66,18,1
66,18.5,1
66,19,1
66,19.5,1
66,20,1
66,20.5,1
66,21,1
66,21.5,1
66,22,1
66,22.5,1
66,23,1
66,23.5,0
66,24,0
66,24.5,0
66,25,0
66,25.5,0
66,26,0
66,26.5,0
66,27,0
66,27.5,0
67,1,0
67,2,0
67,2.5,0
67,3,0
67,3.5,0
67,14,0
67,18.5,0
67,19,0
67,19.5,1
67,20,1
67,32,0
68,0,0
68,0.5,0
68,1.5,1
68,2,1
68,2.5,1
68,3,1
68,3.5,1
68,4,1
68,4.5,1
68,5,1
68,5.5,0
68,6,0
68,6.5,0
68,7,0
69,0,0
69,0.5,0
69,1,0
69,1.5,0
69,2,0
69,2.5,0
69,3,0
69,3.5,0
69,4,0
69,4.5,0
69,5,0
69,5.5,0
69,6,0
69,6.5,0
69,7,1
69,7.5,1
69,8,1
69,8.5,1
69,9,1
69,9.5,1
69,10,1
69,10.5,1
69,11,1
69,11.5,1
69,12,1
69,12.5,1
69,13,1
69,13.5,1
69,14,1
69,14.5,1
69,15,1
69,15.5,0
69,16,0
69,16.5,0
69,17,0
69,17.5,0
69,18,0
69,18.5,0
69,19,0
69,19.5,0
69,20,0
69,20.5,0
69,21,0
70,0,0
70,0.5,0
70,1,0
70,1.5,0
70,2,0
70,2.5,0
70,3,0
70,3.5,0
70,4.5,1
70,5,1
70,5.5,1
70,6,1
70,6.5,1
70,7,1
70,7.5,1
70,8,1
70,8.5,0
70,10.5,0
70,11.5,0
70,12,0
70,12.5,0
70,13,0
70,13.5,0
70,14,0
70,14.5,0
70,15,0
70,15.5,0
70,16,0
70,16.5,0
70,17,0
70,17.5,0
70,18,0
70,18.5,0
70,19,0
71,0,0
71,0.5,0
71,1,0
71,5.5,1
71,6,1
71,6.5,1
71,7,1
71,7.5,1
71,8,1
71,8.5,0
71,9,0
71,9.5,0
71,11,0
71,13,0
71,13.5,0
71,14,0
71,14.5,0
71,15,0
72,0,0
72,0.5,0
72,1,1
72,1.5,1
72,2,1
72,3,1
72,3.5,1
72,4,1
72,4.5,1
72,5,1
72,5.5,0
72,6,0
72,6.5,0
72,7,0
72,7.5,0
72,8,1
72,8.5,1
72,9,1
72,9.5,1
72,10,1
72,10.5,1
72,11,1
72,11.5,0
72,12,0
72,12.5,0
72,13,0
72,13.5,0
72,14,0
73,0,0
73,0.5,0
73,1,0
73,1.5,0
73,2,0
73,2.5,0
73,3,0
73,3.5,0
73,4,0
73,4.5,0
73,5,1
73,5.5,1
73,6,1
73,6.5,1
73,7,1
73,7.5,1
73,8,1
73,8.5,0
73,9,0
73,9.5,0
73,10,0
73,10.5,0
73,11,0
73,11.5,0
73,12,0
73,12.5,0
73,13,0
73,13.5,0
73,14,0
73,14.5,0
73,15,0
73,15.5,0
73,16,0
73,16.5,0
73,17,0
73,17.5,0
73,18,0
73,18.5,0
73,19,0
74,0,0
74,0.5,0
74,1,0
74,1.5,0
74,2,0
74,2.5,0
74,3,0
74,3.5,0
74,4,1
74,4.5,1
74,5,1
74,5.5,1
74,6,1
74,6.5,1
74,7,1
74,7.5,1
74,8,1
74,8.5,1
74,9,1
74,9.5,0
74,12,0
74,12.5,0
74,13,0
74,13.5,0
74,14,0
74,14.5,0
74,15,0
74,15.5,0
74,16,0
74,16.5,0
74,17,0
74,17.5,0
74,18,0
74,18.5,0
74,19,0
74,19.5,0
74,20,0
74,20.5,0
74,21,0
75,0,0
75,0.5,0
75,1,0
75,1.5,0
75,2,0
75,2.5,0
75,3,0
75,3.5,0
75,4,1
75,4.5,1
75,5,1
75,5.5,1
75,6,1
75,6.5,1
75,7.5,1
75,8,1
75,8.5,1
75,9,1
75,9.5,1
75,10,1
75,10.5,0
75,11,0
75,11.5,0
75,12,0
75,12.5,0
75,13,0
75,13.5,0
75,14,0
75,14.5,0
75,15,0
75,15.5,0
75,16,0
75,16.5,0
75,17,0
75,17.5,0
76,0.5,0
76,1,0
76,1.5,0
76,2,0
76,2.5,0
76,3,0
76,3.5,0
76,4,0
76,7,0
76,7.5,1
76,8,1
76,8.5,1
76,9,1
76,9.5,1
76,11.5,0
76,15.5,0
76,16,0
76,16.5,0
76,17,0
76,18,0
76,20,0
76,20.5,0
76,21,0
77,0,0
77,0.5,0
77,1.5,0
77,3,0
77,4.5,0
77,5,0
77,5.5,0
77,6,0
77,6.5,0
77,7,0
77,7.5,0
77,8,0
77,8.5,0
77,9,1
78,0,0
78,0.5,0
78,1,0
78,1.5,0
78,2,0
78,2.5,0
78,3,0
78,3.5,0
78,4,0
78,4.5,0
78,5,0
78,5.5,0
78,6,0
78,6.5,0
78,7,0
78,7.5,0
78,8,0
78,8.5,0
78,9,1
78,9.5,1
78,10,1
78,10.5,1
78,11,1
78,11.5,1
78,12,1
78,12.5,0
78,13,0
78,13.5,0
78,14,0
78,14.5,0
78,15,0
78,15.5,0
78,16,0
78,16.5,0
78,17,0
78,17.5,0
78,18,0
78,18.5,0
78,19,0
78,19.5,0
78,20,0
78,20.5,0
78,21,0
78,21.5,0
78,22,0
78,22.5,0
79,0,0
79,0.5,0
79,1,0
79,1.5,0
79,2,1
79,5,1
79,5.5,0
79,6,0
79,7.5,0
79,8,0
79,8.5,0
79,9.5,0
79,10,0
79,10.5,0
79,11,0
79,11.5,0
79,12,0
79,12.5,0
79,13,0
79,13.5,0
79,14,0
79,14.5,0
79,15,0
79,15.5,0
79,16,0
80,0,0
80,0.5,0
80,1,0
80,1.5,0
80,2,0
80,2.5,0
80,3,0
80,3.5,0
80,4,0
80,4.5,0
80,5,0
80,5.5,0
80,6,1
80,6.5,1
80,8,1
80,9,1
80,9.5,0
80,10,0
80,10.5,0
80,11,0
80,11.5,0
80,12,0
80,12.5,0
80,13,0
80,13.5,0
80,14,0
80,14.5,0
80,15,0
80,16,0
80,16.5,0
80,17,0
80,17.5,0
80,18,0
80,18.5,0
80,19,1
80,19.5,1
80,20,1
80,21.5,1
80,22,1
80,22.5,0
80,23.5,0
80,24,0
80,24.5,0
80,25,0
81,0,0
81,0.5,0
81,1,0
81,2,0
81,2.5,0
81,3,0
81,3.5,0
81,4,1
81,4.5,1
81,6,1
81,8,1
81,9.5,0
81,10.5,0
81,11,0
81,11.5,0
81,12,0
81,12.5,0
81,13,0
81,13.5,0
81,14,0
81,14.5,0
81,15,0
81,15.5,0
81,16,0
81,16.5,0
81,17,0
81,17.5,0
81,18,0
81,19.5,0
82,0,0
82,0.5,0
82,1,0
82,1.5,0
82,2,0
82,2.5,0
82,3,1
82,3.5,1
82,7,1
82,7.5,0
82,8,0
82,8.5,0
82,9.5,0
82,10,0
82,10.5,0
82,11,0
82,11.5,0
82,12,0
82,12.5,0
82,13.5,0
83,0,0
83,0.5,0
83,1,0
83,1.5,0
83,2.5,1
83,3.5,1
83,4,1
83,9,1
83,9.5,1
83,10,1
83,10.5,0
83,11,0
83,11.5,0
83,12,0
83,14,0
83,18,1
83,24,1
83,24.5,1
83,25.5,1
83,26,1
83,26.5,1
83,31.5,1
84,0,0
84,0.5,0
84,1,0
84,1.5,0
84,2,0
84,2.5,0
84,3,0
84,3.5,0
84,4,0
84,4.5,0
84,5,0
84,5.5,1
84,6,1
84,6.5,1
84,7,1
84,7.5,1
84,8,1
84,8.5,1
84,9,1
84,9.5,1
84,10,1
84,10.5,0
84,12,0
84,12.5,0
84,13,0
84,13.5,0
84,14,0
84,14.5,0
84,15,0
84,15.5,0
84,16,0
84,16.5,0
84,17,0
84,17.5,0
84,18,0
84,18.5,0
84,19,0
84,19.5,0
84,21,0
85,0,0
85,0.5,0
85,1,0
85,1.5,0
85,2,0
85,2.5,0
85,3,0
85,3.5,0
85,4,0
85,4.5,0
85,5,0
85,5.5,0
85,6,0
85,6.5,0
85,7,1
85,7.5,1
85,8,1
85,8.5,1
85,9,1
85,9.5,0
85,10,0
85,10.5,0
85,11,0
85,11.5,0
85,12,0
85,12.5,0
85,13,0
85,13.5,0
85,14,0
85,14.5,0
85,15,0
85,15.5,0
85,16,0
85,16.5,0
85,17,0
85,17.5,0
85,18,0
85,18.5,0
86,0,0
86,0.5,0
86,1,0
86,1.5,0
86,2,0
86,2.5,0
86,3,0
86,3.5,0
86,4,1
86,4.5,1
86,5,1
86,5.5,1
86,6,1
86,6.5,1
86,7,1
86,7.5,0
86,8,0
86,8.5,0
86,9,0
86,9.5,0
86,10,0
86,10.5,0
86,11,0
86,11.5,0
86,12,0
86,12.5,0
86,13,0
86,13.5,0
86,14,0
86,14.5,0
86,15,0
86,15.5,0
86,16,0
86,16.5,0
86,17,0
86,17.5,0
87,0.5,0
87,1,1
87,3.5,1
87,9,0
87,9.5,0
87,12,0
87,12.5,0
87,13,0
87,13.5,0
87,14,0
87,14.5,0
87,15,0
88,0,0
88,0.5,0
88,1,0
88,1.5,0
88,2,0
88,2.5,0
88,3,0
88,3.5,0
88,4,0
88,4.5,0
88,5,1
88,9,1
88,22.5,0
89,0,0
89,0.5,0
89,1,0
89,1.5,0
89,2,0
89,2.5,0
89,3,0
89,3.5,0
89,4,0
89,5,0
89,6,0
89,6.5,0
89,7,1
89,7.5,1
89,8,1
89,8.5,1
89,9,1
89,9.5,1
89,10,1
89,10.5,0
89,11,0
89,11.5,0
89,12,0
89,12.5,0
89,13,0
89,13.5,0
89,14,0
89,14.5,0
89,15,0
89,15.5,0
89,16,1
89,16.5,1
89,17,1
89,17.5,1
89,18,1
89,18.5,1
89,19,1
89,19.5,0
89,20,0
89,20.5,0
89,21,0
89,21.5,0
89,22,0
89,22.5,0
89,23,0
89,23.5,0
89,24,0
89,24.5,0
89,25,0
89,25.5,0
90,0,0
90,0.5,0
90,1,0
90,1.5,0
90,2,0
90,2.5,0
90,3,0
90,3.5,0
90,4,0
90,4.5,0
90,5,0
90,5.5,0
90,6,1
90,6.5,1
90,7,1
90,7.5,1
90,8,1
90,8.5,1
90,9,1
90,9.5,0
90,10,0
90,10.5,0
90,11,0
90,11.5,0
90,12,0
90,12.5,0
90,13,0
90,13.5,0
90,14,0
90,14.5,0
90,15,0
90,15.5,0
90,16,0
90,16.5,0
91,0,0
91,0.5,0
91,1,0
91,1.5,0
91,2,0
91,2.5,0
91,3,0
91,3.5,0
91,4,1
91,4.5,1
91,5.5,1
91,6,1
91,7,1
91,7.5,1
91,8,1
91,9,1
91,10,0
91,10.5,0
91,11,0
92,0,1
92,0.5,1
92,1,1
92,1.5,1
92,2.5,1
92,4.5,1
92,5,1
92,5.5,0
92,6,0
92,6.5,0
92,7,0
92,7.5,0
92,8,0
92,8.5,0
92,9,1
92,9.5,1
92,10,1
92,10.5,1
92,11,1
92,11.5,1
92,12,1
92,12.5,0
92,13,0
92,13.5,0
92,14,0
92,14.5,0
92,15,0
92,15.5,0
92,16,0
93,0.5,0
93,1,0
93,1.5,0
93,2,0
93,2.5,0
93,3,0
93,3.5,0
93,4,0
93,4.5,0
93,5,1
93,5.5,1
93,6,1
93,6.5,1
93,7,1
93,7.5,1
93,8,1
93,8.5,0
93,10,0
93,10.5,0
93,11.5,0
93,12,0
93,12.5,0
93,13,0
93,13.5,0
93,14,0
94,0,0
94,0.5,0
94,1,0
94,1.5,0
94,2,0
94,3,1
94,4.5,1
94,5.5,1
95,0,0
95,0.5,0
95,1,0
95,1.5,0
95,2,0
95,2.5,0
95,3,0
95,3.5,0
95,4,0
95,4.5,0
95,5,1
95,5.5,1
95,6,1
95,6.5,1
95,7,1
95,7.5,0
95,8,0
95,8.5,0
95,9,0
95,9.5,0
95,10,0
95,10.5,0
95,11,0
95,11.5,0
95,12,0
95,12.5,0
95,13,0
95,13.5,0
95,14,0
95,14.5,0
95,15,0
95,15.5,0
95,16,0
95,16.5,0
96,2,0
96,3,0
96,3.5,0
96,4,0
96,5,0
96,5.5,0
96,6.5,0
96,7.5,0
96,8,0
96,11,0
96,11.5,0
96,12,0
96,14,0
96,16.5,1
96,17.5,1
96,18.5,1
96,20,0
96,21.5,0
96,22,0
96,22.5,0
96,23,0
96,23.5,0
96,24,0
96,25.5,0
96,26,0
96,26.5,0
96,27,0
97,0,0
97,0.5,0
97,1,0
97,1.5,0
97,2,0
97,2.5,0
97,3,0
97,3.5,0
97,4,0
97,4.5,0
97,5,0
97,5.5,0
97,6,0
97,6.5,0
97,7,1
97,7.5,1
97,8,1
97,8.5,1
97,9.5,1
97,10,1
97,10.5,0
97,11,0
97,11.5,0
97,12,0
97,12.5,0
97,13,0
97,13.5,0
97,14,0
97,14.5,0
97,15,0
97,15.5,0
97,16,0
97,16.5,0
97,17,0
97,17.5,1
97,18,1
97,18.5,1
97,19,1
97,19.5,1
97,20,1
97,20.5,0
97,21,0
97,21.5,0
97,22,0
97,22.5,0
97,23,0
97,23.5,0
97,24,0
97,24.5,0
97,25,0
98,0,0
98,0.5,0
98,1,0
98,1.5,0
98,2,1
98,2.5,1
98,3,1
98,3.5,1
98,4,1
98,4.5,1
98,5,1
98,5.5,0
98,6,0
98,6.5,0
98,7,0
98,7.5,0
98,8,0
98,8.5,0
98,9,0
98,9.5,0
98,10,0
98,10.5,0
98,11,0
98,11.5,0
98,12,0
98,12.5,0
98,13,0
98,13.5,0
98,14,0
98,14.5,0
98,15,0
99,0,0
99,0.5,0
99,1,0
99,1.5,0
99,2,0
99,2.5,0
99,3,0
99,3.5,0
99,4,0
99,4.5,0
99,5,0
99,5.5,0
99,6,0
99,6.5,0
99,7,0
99,7.5,0
99,8,0
99,8.5,0
99,9,0
99,9.5,0
99,10,1
99,10.5,1
99,11,1
99,11.5,1
99,12,0
99,12.5,0
99,13,0
99,13.5,0
99,14,0
99,14.5,0
99,15,0
99,15.5,0
99,16,0
99,16.5,0
99,17,0
99,17.5,0
99,18,0
99,18.5,0
99,19,0
99,19.5,0
99,20,0
100,0,0
100,0.5,0
100,1,0
100,1.5,0
100,2,0
100,2.5,0
100,3,0
100,3.5,0
100,4,0
100,4.5,0
100,5,0
100,5.5,0
100,6,1
100,6.5,1
100,7,1
100,7.5,1
100,8,1
100,8.5,0
100,9,0
100,9.5,0
100,10,0
100,10.5,0
100,11,0
100,11.5,0
100,12,0
100,12.5,0
100,13,0
100,13.5,0
100,14,0
100,14.5,0
100,15,0
100,15.5,0
100,16,0
100,16.5,0
100,17,0
100,17.5,0
100,18,0
